mf01150;5dc93e9ed5401f18d8d650fe;10.10.2019
st01460;5dc93c50d5401f18d8d63c72;16.10.2019
mf01150;5dc93e9ed5401f18d8d650fe;11.10.2019
st01460;5dc93c50d5401f18d8d63c72;03.10.2019
mf01150;5dc93e9ed5401f18d8d650fe;09.10.2019
mf01150;5dc93e9ed5401f18d8d650fe;10.10.2019
st01460;5dc93c50d5401f18d8d63c72;07.10.2019
st01460;5dc93c50d5401f18d8d63c72;14.10.2019
mf01150;5dc93e9ed5401f18d8d650fe;07.10.2019
mf01150;5dc93e9ed5401f18d8d650fe;04.10.2019
mf01150;5dc93e9ed5401f18d8d650fe;03.10.2019
st01460;5dc93c50d5401f18d8d63c72;07.10.2019
mf01150;5dc949a3d5401f18d8d6b2cb;24.10.2019
mf01150;5dc93e9ed5401f18d8d650fe;09.10.2019
mf01150;5dc93e9ed5401f18d8d650fe;09.10.2019
mf01150;5dc949a3d5401f18d8d6b2cb;01.11.2019
mf01150;5dc93e9ed5401f18d8d650fe;09.10.2019
mf01150;5dc949a3d5401f18d8d6b2cb;16.10.2019
mf01150;5dc949a3d5401f18d8d6b2cb;16.10.2019
mf01150;5dc949a3d5401f18d8d6b2cb;01.11.2019
mf01150;5dc93e9ed5401f18d8d650fe;10.10.2019
mf01150;5dc93e9ed5401f18d8d650fe;14.10.2019
mf01150;5dc93e9ed5401f18d8d650fe;14.10.2019
mf01150;5dc949a3d5401f18d8d6b2cb;16.10.2019
mf01150;5dc93e9ed5401f18d8d650fe;04.10.2019
mf01150;5dc93e9ed5401f18d8d650fe;03.10.2019
st01460;5dc93c50d5401f18d8d63c72;03.10.2019
mf01150;5dc93e9ed5401f18d8d650fe;11.10.2019
st01460;5dc93c50d5401f18d8d63c72;03.10.2019
mf01150;5dc93e9ed5401f18d8d650fe;07.10.2019
st01460;5dc93c50d5401f18d8d63c72;14.10.2019
st01460;5dc93c50d5401f18d8d63c72;14.10.2019
st01460;5dc93c50d5401f18d8d63c72;14.10.2019
st01460;5dc93c50d5401f18d8d63c72;14.10.2019
mf01150;5dc93e9ed5401f18d8d650fe;10.10.2019
mf01150;5dc93e9ed5401f18d8d650fe;10.10.2019
st01460;5dc93c50d5401f18d8d63c72;07.10.2019
mf01150;5dc93e9ed5401f18d8d650fe;07.10.2019
st01460;5dc93c50d5401f18d8d63c72;04.10.2019
st01460;5dc93c50d5401f18d8d63c72;04.10.2019
st01460;5dc93c50d5401f18d8d63c72;04.10.2019
mf01150;5dc949a3d5401f18d8d6b2cb;21.10.2019
st01460;5dc93c50d5401f18d8d63c72;03.10.2019
st01460;5dc93c50d5401f18d8d63c72;07.10.2019
mf01150;5dc949a3d5401f18d8d6b2cb;24.10.2019
mf01150;5dc949a3d5401f18d8d6b2cb;01.11.2019
mf01150;5dc93e9ed5401f18d8d650fe;04.10.2019
mf01150;5dc93e9ed5401f18d8d650fe;03.10.2019
st01460;5dc93c50d5401f18d8d63c72;23.10.2019
st01460;5dc93c50d5401f18d8d63c72;03.10.2019
mf01150;5dc93e9ed5401f18d8d650fe;25.10.2019
mf01150;5dc949a3d5401f18d8d6b2cb;24.10.2019
st01460;5dc93c50d5401f18d8d63c72;03.10.2019
st01460;5dc93c50d5401f18d8d63c72;17.10.2019
st01460;5dc93c50d5401f18d8d63c72;17.10.2019
mf01150;5dc949a3d5401f18d8d6b2cb;28.10.2019
mf01150;5dc949a3d5401f18d8d6b2cb;01.11.2019
st01460;5dc93c50d5401f18d8d63c72;07.10.2019
mf01150;5dc93e9ed5401f18d8d650fe;07.10.2019
mf01150;5dc949a3d5401f18d8d6b2cb;01.11.2019
mf01150;5dc949a3d5401f18d8d6b2cb;01.11.2019
mf01150;5dc93e9ed5401f18d8d650fe;14.10.2019
mf01150;5dc949a3d5401f18d8d6b2cb;05.11.2019
st01460;5dc93c50d5401f18d8d63c72;05.11.2019
st01460;5dc93c50d5401f18d8d63c72;18.10.2019
st01460;5dc93c50d5401f18d8d63c72;09.10.2019
st01460;5dc93c50d5401f18d8d63c72;14.10.2019
st01460;5dc93c50d5401f18d8d63c72;14.10.2019
mf01150;5dc93e9ed5401f18d8d650fe;28.10.2019
st01460;5dc93c50d5401f18d8d63c72;14.10.2019
mf01150;5dc93e9ed5401f18d8d650fe;01.11.2019
st01460;5dc93c50d5401f18d8d63c72;14.10.2019
st01460;5dc93c50d5401f18d8d63c72;07.10.2019
mf01150;5dc93e9ed5401f18d8d650fe;03.10.2019
st01460;5dc93c50d5401f18d8d63c72;07.10.2019
st01460;5dc93c50d5401f18d8d63c72;04.10.2019
st01460;5dc93c50d5401f18d8d63c72;03.10.2019
st01460;5dc93c50d5401f18d8d63c72;23.10.2019
mf01150;5dc93e9ed5401f18d8d650fe;04.10.2019
mf01150;5dc93e9ed5401f18d8d650fe;04.10.2019
st01460;5dc93c50d5401f18d8d63c72;03.10.2019
st01460;5dc93c50d5401f18d8d63c72;23.10.2019
mf01150;5dc93e9ed5401f18d8d650fe;14.10.2019
mf01150;5dc93e9ed5401f18d8d650fe;04.10.2019
mf01150;5dc93e9ed5401f18d8d650fe;07.10.2019
st01460;5dc93c50d5401f18d8d63c72;14.10.2019
mf01150;5dc949a3d5401f18d8d6b2cb;01.11.2019
st01460;5dc93c50d5401f18d8d63c72;16.10.2019
st01460;5dc93c50d5401f18d8d63c72;09.10.2019
st01460;5dc93c50d5401f18d8d63c72;09.10.2019
st01460;5dc93c50d5401f18d8d63c72;21.10.2019
mf01150;5dc93e9ed5401f18d8d650fe;07.10.2019
mf01150;5dc93e9ed5401f18d8d650fe;03.10.2019
st01460;5dc93c50d5401f18d8d63c72;09.10.2019
st01460;5dca8f9e3c8de11a48da2ea8;24.10.2019
st01460;5dca8f9e3c8de11a48da2ea8;24.10.2019
st01460;5dca8f9e3c8de11a48da2ea8;24.10.2019
st01460;5dca8d843c8de11a48da21ef;16.10.2019
st01460;5dca8d843c8de11a48da21ef;16.10.2019
st01460;5dca8d843c8de11a48da21ef;18.10.2019
st01460;5dca8d843c8de11a48da21ef;05.11.2019
st01460;5dca8d843c8de11a48da21ef;05.11.2019
st01460;5dca8d843c8de11a48da21ef;18.10.2019
st01460;5dca8d843c8de11a48da21ef;21.10.2019
st01460;5dca8d843c8de11a48da21ef;24.10.2019
st01460;5dca8d843c8de11a48da21ef;25.10.2019
st01460;5dca8f9e3c8de11a48da2ea8;01.11.2019
st01460;5dca8d843c8de11a48da21ef;25.10.2019
st01460;5dca8f9e3c8de11a48da2ea8;16.10.2019
st01460;5dca8f9e3c8de11a48da2ea8;17.10.2019
st01460;5dca8f953c8de11a48da2e9c;14.10.2019
st01460;5dca8d843c8de11a48da21ef;21.10.2019
st01460;5dca8d843c8de11a48da21ef;28.10.2019
st01460;5dca8d843c8de11a48da21ef;28.10.2019
st01460;5dca8f9e3c8de11a48da2ea8;05.11.2019
st01460;5dca8d843c8de11a48da21ef;30.10.2019
st01460;5dca8f9e3c8de11a48da2ea8;17.10.2019
st01460;5dca8d843c8de11a48da21ef;01.11.2019
st01460;5dca8d843c8de11a48da21ef;05.11.2019
st01460;5dca8f9e3c8de11a48da2ea8;05.11.2019
st01460;5dca8f9e3c8de11a48da2ea8;21.10.2019
st01460;5dca8d843c8de11a48da21ef;01.11.2019
st01460;5dca8f9e3c8de11a48da2ea8;24.10.2019
st01460;5dca8d843c8de11a48da21ef;05.11.2019
st01460;5dca8d843c8de11a48da21ef;14.10.2019
st01460;5dca8d843c8de11a48da21ef;05.11.2019
st01460;5dca8d843c8de11a48da21ef;05.11.2019
st01460;5dca8d843c8de11a48da21ef;05.11.2019
st01460;5dca8f9e3c8de11a48da2ea8;07.10.2019
st01460;5dca8f9e3c8de11a48da2ea8;21.10.2019
st01460;5dca8f9e3c8de11a48da2ea8;11.10.2019
st01460;5dca8d843c8de11a48da21ef;14.10.2019
st01460;5dca8d843c8de11a48da21ef;05.11.2019
st01460;5dca8f9e3c8de11a48da2ea8;05.11.2019
st01460;5dca8d843c8de11a48da21ef;01.11.2019
st01460;5dca8f9e3c8de11a48da2ea8;25.10.2019
st01460;5dca8f9e3c8de11a48da2ea8;11.10.2019
st01460;5dca8f9e3c8de11a48da2ea8;05.11.2019
st01460;5dca8f9e3c8de11a48da2ea8;11.10.2019
st01460;5dca8d843c8de11a48da21ef;14.10.2019
st01460;5dca8f9e3c8de11a48da2ea8;14.10.2019
st01460;5dca8f9e3c8de11a48da2ea8;01.11.2019
st01460;5dca8f9e3c8de11a48da2ea8;14.10.2019
st01460;5dca8d843c8de11a48da21ef;14.10.2019
st01460;5dca8d843c8de11a48da21ef;14.10.2019
st01460;5dca8d843c8de11a48da21ef;14.10.2019
st01460;5dca8f9e3c8de11a48da2ea8;05.11.2019
st01460;5dca8d843c8de11a48da21ef;24.10.2019
st01460;5dca8f9e3c8de11a48da2ea8;11.10.2019
st01460;5dca8d843c8de11a48da21ef;25.10.2019
st01460;5dca8d843c8de11a48da21ef;05.11.2019
st01460;5dca8f9e3c8de11a48da2ea8;28.10.2019
st01460;5dca8f9e3c8de11a48da2ea8;25.10.2019
st01460;5dca8f9e3c8de11a48da2ea8;18.10.2019
st01460;5dca8f9e3c8de11a48da2ea8;18.10.2019
st01460;5dca8f9e3c8de11a48da2ea8;11.10.2019
st01460;5dca8f9e3c8de11a48da2ea8;21.10.2019
st01460;5dca8d843c8de11a48da21ef;25.10.2019
st01460;5dca8f9e3c8de11a48da2ea8;01.11.2019
st01460;5dca8f9e3c8de11a48da2ea8;18.10.2019
st01460;5dca8d843c8de11a48da21ef;30.10.2019
st01460;5dca8d843c8de11a48da21ef;04.10.2019
st01460;5dca8f953c8de11a48da2e9c;14.10.2019
st01460;5dca8d843c8de11a48da21ef;14.10.2019
st01460;5dca8f9e3c8de11a48da2ea8;03.10.2019
st01460;5dca8f9e3c8de11a48da2ea8;05.11.2019
st01460;5dca8f9e3c8de11a48da2ea8;24.10.2019
st01460;5dca8d843c8de11a48da21ef;25.10.2019
st01460;5dca8f9e3c8de11a48da2ea8;11.10.2019
st01460;5dca8d843c8de11a48da21ef;05.11.2019
st01460;5dca8f9e3c8de11a48da2ea8;01.11.2019
st01460;5dca8f9e3c8de11a48da2ea8;21.10.2019
st01460;5dca8f9e3c8de11a48da2ea8;31.10.2019
st01460;5dca8f9e3c8de11a48da2ea8;05.11.2019
st01460;5dca8f9e3c8de11a48da2ea8;04.10.2019
st01460;5dca8d843c8de11a48da21ef;04.10.2019
st01460;5dca8f9e3c8de11a48da2ea8;14.10.2019
st01460;5dca8f953c8de11a48da2e9c;24.10.2019
st01460;5dca8f953c8de11a48da2e9c;21.10.2019
st01460;5dca8f9e3c8de11a48da2ea8;05.11.2019
st01460;5dca8f9e3c8de11a48da2ea8;17.10.2019
st01460;5dca8f9e3c8de11a48da2ea8;04.10.2019
st01460;5dca8d843c8de11a48da21ef;25.10.2019
st01460;5dca8f9e3c8de11a48da2ea8;04.10.2019
st01460;5dca8f9e3c8de11a48da2ea8;07.10.2019
st01460;5dca8f9e3c8de11a48da2ea8;14.10.2019
st01460;5dca8f9e3c8de11a48da2ea8;14.10.2019
st01460;5dca8f9e3c8de11a48da2ea8;23.10.2019
st01460;5dca8d843c8de11a48da21ef;05.11.2019
st01460;5dca8d843c8de11a48da21ef;07.10.2019
st01460;5dca8d843c8de11a48da21ef;07.10.2019
st01460;5dca8f9e3c8de11a48da2ea8;09.10.2019
st01460;5dca8d843c8de11a48da21ef;14.10.2019
st01460;5dca8f9e3c8de11a48da2ea8;28.10.2019
st01460;5dca8f9e3c8de11a48da2ea8;24.10.2019
st01460;5dca8d843c8de11a48da21ef;14.10.2019
st01460;5dca8f953c8de11a48da2e9c;07.10.2019
st01460;5dca8f9e3c8de11a48da2ea8;10.10.2019
st01460;5dca8d843c8de11a48da21ef;14.10.2019
st01460;5dca8f9e3c8de11a48da2ea8;23.10.2019
st01460;5dca8f9e3c8de11a48da2ea8;10.10.2019
st01460;5dca8f9e3c8de11a48da2ea8;04.10.2019
st01460;5dca8f9e3c8de11a48da2ea8;11.10.2019
st01460;5dca8f9e3c8de11a48da2ea8;07.10.2019
st01460;5dca8f9e3c8de11a48da2ea8;11.10.2019
st01460;5dca8f9e3c8de11a48da2ea8;11.10.2019
st01460;5dca8f9e3c8de11a48da2ea8;07.10.2019
st01460;5dca8f9e3c8de11a48da2ea8;25.10.2019
st01460;5dca8f9e3c8de11a48da2ea8;01.11.2019
st01460;5dca8d843c8de11a48da21ef;25.10.2019
st01460;5dca8d843c8de11a48da21ef;25.10.2019
st01460;5dca8f9e3c8de11a48da2ea8;24.10.2019
st01460;5dca8d843c8de11a48da21ef;01.11.2019
st01460;5dca8f9e3c8de11a48da2ea8;14.10.2019
st01460;5dca8f9e3c8de11a48da2ea8;14.10.2019
st01460;5dca8f953c8de11a48da2e9c;28.10.2019
st01460;5dca8f9e3c8de11a48da2ea8;14.10.2019
st01460;5dca8f9e3c8de11a48da2ea8;11.10.2019
st01460;5dca8d843c8de11a48da21ef;24.10.2019
st01460;5dca8d843c8de11a48da21ef;21.10.2019
st01460;5dca8d843c8de11a48da21ef;05.11.2019
st01460;5dca8f9e3c8de11a48da2ea8;11.10.2019
st01460;5dca8f9e3c8de11a48da2ea8;10.10.2019
st01460;5dca8d843c8de11a48da21ef;11.10.2019
st01460;5dca8f953c8de11a48da2e9c;14.10.2019
st01460;5dca8d843c8de11a48da21ef;21.10.2019
st01460;5dca8d843c8de11a48da21ef;18.10.2019
st01460;5dca8d843c8de11a48da21ef;21.10.2019
st01460;5dca8f9e3c8de11a48da2ea8;24.10.2019
st01460;5dca8f9e3c8de11a48da2ea8;14.10.2019
st01460;5dca8f9e3c8de11a48da2ea8;01.11.2019
st01460;5dca8f9e3c8de11a48da2ea8;18.10.2019
st01460;5dca8d843c8de11a48da21ef;14.10.2019
st01460;5dca8d843c8de11a48da21ef;16.10.2019
st01460;5dca8d843c8de11a48da21ef;14.10.2019
st01460;5dca8f9e3c8de11a48da2ea8;24.10.2019
st01460;5dca8f9e3c8de11a48da2ea8;17.10.2019
st01460;5dca8d843c8de11a48da21ef;28.10.2019
st01460;5dca8f9e3c8de11a48da2ea8;07.10.2019
st01460;5dca8d843c8de11a48da21ef;01.11.2019
st01460;5dca8d843c8de11a48da21ef;09.10.2019
st01460;5dca8f9e3c8de11a48da2ea8;14.10.2019
st01460;5dca8f9e3c8de11a48da2ea8;28.10.2019
st01460;5dca8d843c8de11a48da21ef;07.10.2019
st01460;5dca8f953c8de11a48da2e9c;28.10.2019
st01460;5dca8d843c8de11a48da21ef;07.10.2019
st01460;5dca8f9e3c8de11a48da2ea8;25.10.2019
st01460;5dca8f953c8de11a48da2e9c;31.10.2019
st01460;5dca8d843c8de11a48da21ef;11.10.2019
st01460;5dca8d843c8de11a48da21ef;14.10.2019
st01460;5dca8f9e3c8de11a48da2ea8;24.10.2019
st01460;5dca8d843c8de11a48da21ef;14.10.2019
st01460;5dca8d843c8de11a48da21ef;04.10.2019
st01460;5dca8d843c8de11a48da21ef;14.10.2019
st01460;5dca8d843c8de11a48da21ef;14.10.2019
st01460;5dca8d843c8de11a48da21ef;14.10.2019
st01460;5dca8d843c8de11a48da21ef;14.10.2019
st01460;5dca8d843c8de11a48da21ef;14.10.2019
st01460;5dca8d843c8de11a48da21ef;04.10.2019
st01460;5dca8d843c8de11a48da21ef;14.10.2019
st01460;5dca8d843c8de11a48da21ef;14.10.2019
mf01150;5dcbe4d759bfa211e00fa328;05.11.2019
mf01150;5dcbe4d759bfa211e00fa328;31.10.2019
mf01150;5dcbe4d759bfa211e00fa328;25.10.2019
st01460;5dcbe4a859bfa211e00fa064;04.10.2019
st01460;5dcbe4a859bfa211e00fa064;24.10.2019
mf01150;5dcbe4d759bfa211e00fa328;01.11.2019
st01460;5dcbe4a859bfa211e00fa064;07.10.2019
st01460;5dcbe4a859bfa211e00fa064;07.10.2019
st01460;5dcbe4a859bfa211e00fa064;09.10.2019
st01460;5dcbe4a859bfa211e00fa064;09.10.2019
st01460;5dcbe4a859bfa211e00fa064;10.10.2019
st01460;5dcbe4a859bfa211e00fa064;10.10.2019
st01460;5dcbe4a859bfa211e00fa064;24.10.2019
st01460;5dcbe4a859bfa211e00fa064;14.10.2019
st01460;5dcbe4a859bfa211e00fa064;14.10.2019
mf01150;5dcbe4d759bfa211e00fa328;23.10.2019
mf01150;5dcbe4d759bfa211e00fa328;28.10.2019
st01460;5dcbe4a859bfa211e00fa064;14.10.2019
st01460;5dcbe4a859bfa211e00fa064;14.10.2019
st01460;5dcbe4a859bfa211e00fa064;14.10.2019
st01460;5dcbe4a859bfa211e00fa064;16.10.2019
mf01150;5dcbe4d759bfa211e00fa328;01.11.2019
st01460;5dcbe4a859bfa211e00fa064;21.10.2019
mf01150;5dcbe4d759bfa211e00fa328;11.10.2019
st01460;5dcbe4a859bfa211e00fa064;24.10.2019
st01460;5dcbe4a859bfa211e00fa064;24.10.2019
st01460;5dcbe4a859bfa211e00fa064;03.10.2019
st01460;5dcbe4a859bfa211e00fa064;30.10.2019
st01460;5dcbe4a859bfa211e00fa064;31.10.2019
st01460;5dcbe4a859bfa211e00fa064;05.11.2019
st01460;5dcbe4a859bfa211e00fa064;05.11.2019
st01460;5dcbe4a859bfa211e00fa064;10.10.2019
st01460;5dcbe4a859bfa211e00fa064;16.10.2019
st01460;5dcbe4a859bfa211e00fa064;05.11.2019
st01460;5dcbe4a859bfa211e00fa064;05.11.2019
st01460;5dcbe4a859bfa211e00fa064;07.11.2019
mf01150;5dcbe4d759bfa211e00fa328;04.10.2019
mf01150;5dcbe4d759bfa211e00fa328;07.10.2019
st01460;5dcbe4a859bfa211e00fa064;03.10.2019
st01460;5dcbe4a859bfa211e00fa064;07.10.2019
st01460;5dcbe4a859bfa211e00fa064;07.10.2019
mf01150;5dcbe4d759bfa211e00fa328;07.10.2019
mf01150;5dcbe4d759bfa211e00fa328;09.10.2019
st01460;5dcbe4a859bfa211e00fa064;16.10.2019
st01460;5dcbe4a859bfa211e00fa064;14.10.2019
mf01150;5dcbe4d759bfa211e00fa328;07.10.2019
st01460;5dcbe4a859bfa211e00fa064;17.10.2019
st01460;5dcbe4a859bfa211e00fa064;09.10.2019
st01460;5dcbe4a859bfa211e00fa064;21.10.2019
st01460;5dcbe4a859bfa211e00fa064;04.10.2019
st01460;5dcbe4a859bfa211e00fa064;14.10.2019
st01460;5dcbe4a859bfa211e00fa064;04.10.2019
st01460;5dcbe4a859bfa211e00fa064;25.10.2019
mf01150;5dcbe4d759bfa211e00fa328;10.10.2019
st01460;5dcbe4a859bfa211e00fa064;10.10.2019
mf01150;5dcbe4d759bfa211e00fa328;14.10.2019
mf01150;5dcbe4d759bfa211e00fa328;11.10.2019
mf01150;5dcbe4d759bfa211e00fa328;11.10.2019
st01460;5dcbe4a859bfa211e00fa064;25.10.2019
st01460;5dcbe4a859bfa211e00fa064;17.10.2019
st01460;5dcbe4a859bfa211e00fa064;24.10.2019
st01460;5dcbe4a859bfa211e00fa064;21.10.2019
mf01150;5dcbe4d759bfa211e00fa328;10.10.2019
st01460;5dcbe4a859bfa211e00fa064;14.10.2019
st01460;5dcbe4a859bfa211e00fa064;11.10.2019
mf01150;5dcbe4d759bfa211e00fa328;07.10.2019
st01460;5dcbe4a859bfa211e00fa064;11.10.2019
st01460;5dcbe4a859bfa211e00fa064;07.10.2019
st01460;5dcbe4a859bfa211e00fa064;28.10.2019
st01460;5dcbe4a859bfa211e00fa064;21.10.2019
st01460;5dcbe4a859bfa211e00fa064;21.10.2019
st01460;5dcbe4a859bfa211e00fa064;10.10.2019
st01460;5dcbe4a859bfa211e00fa064;07.10.2019
mf01150;5dcbe4d759bfa211e00fa328;14.10.2019
st01460;5dcbe4a859bfa211e00fa064;07.10.2019
mf01150;5dcbe4d759bfa211e00fa328;14.10.2019
st01460;5dcbe4a859bfa211e00fa064;16.10.2019
mf01150;5dcbe4d759bfa211e00fa328;07.10.2019
st01460;5dcbe4a859bfa211e00fa064;04.10.2019
mf01150;5dcbe4d759bfa211e00fa328;21.10.2019
st01460;5dcbe4a859bfa211e00fa064;23.10.2019
st01460;5dcbe4a859bfa211e00fa064;28.10.2019
mf01150;5dcbe4d759bfa211e00fa328;14.10.2019
st01460;5dcbe4a859bfa211e00fa064;14.10.2019
st01460;5dcbe4a859bfa211e00fa064;14.10.2019
mf01150;5dcbe4d759bfa211e00fa328;21.10.2019
mf01150;5dcbe4d759bfa211e00fa328;14.10.2019
st01460;5dcbe4a859bfa211e00fa064;28.10.2019
st01460;5dcbe4a859bfa211e00fa064;01.11.2019
mf01150;5dcbe4d759bfa211e00fa328;16.10.2019
st01460;5dcbe4a859bfa211e00fa064;07.10.2019
st01460;5dcbe4a859bfa211e00fa064;01.11.2019
mf01150;5dcbe4d759bfa211e00fa328;21.10.2019
st01460;5dcbe4a859bfa211e00fa064;16.10.2019
st01460;5dcbe4a859bfa211e00fa064;01.11.2019
st01460;5dcbe4a859bfa211e00fa064;31.10.2019
st01460;5dcbe4a859bfa211e00fa064;21.10.2019
mf01150;5dcbe4d759bfa211e00fa328;16.10.2019
st01460;5dcbe4a859bfa211e00fa064;16.10.2019
st01460;5dcbe4a859bfa211e00fa064;16.10.2019
st01460;5dcbe4a859bfa211e00fa064;25.10.2019
mf01150;5dcbe4d759bfa211e00fa328;21.10.2019
st01460;5dcbe4a859bfa211e00fa064;16.10.2019
st01460;5dcbe4a859bfa211e00fa064;25.10.2019
st01460;5dcbe4a859bfa211e00fa064;01.11.2019
mf01150;5dcbe4d759bfa211e00fa328;23.10.2019
st01460;5dcbe4a859bfa211e00fa064;04.10.2019
mf01150;5dcbe4d759bfa211e00fa328;17.10.2019
mf01150;5dcbe4d759bfa211e00fa328;31.10.2019
st01460;5dcbe4a859bfa211e00fa064;01.11.2019
mf01150;5dcbe4d759bfa211e00fa328;16.10.2019
st01460;5dcbe4a859bfa211e00fa064;21.10.2019
mf01150;5dcbe4d759bfa211e00fa328;11.10.2019
mf01150;5dcbe4d759bfa211e00fa328;16.10.2019
st01460;5dcbe4a859bfa211e00fa064;17.10.2019
st01460;5dcbe4a859bfa211e00fa064;14.10.2019
st01460;5dcbe4a859bfa211e00fa064;16.10.2019
st01460;5dcbe4a859bfa211e00fa064;17.10.2019
st01460;5dcbe4a859bfa211e00fa064;25.10.2019
st01460;5dcbe4a859bfa211e00fa064;21.10.2019
mf01150;5dcbe4d759bfa211e00fa328;14.10.2019
mf01150;5dcbe4d759bfa211e00fa328;17.10.2019
mf01150;5dcbe4d759bfa211e00fa328;14.10.2019
st01460;5dcbe4a859bfa211e00fa064;04.10.2019
st01460;5dcbe4a859bfa211e00fa064;01.11.2019
mf01150;5dcbe4d759bfa211e00fa328;14.10.2019
st01460;5dcbe4a859bfa211e00fa064;17.10.2019
mf01150;5dcbe4d759bfa211e00fa328;17.10.2019
mf01150;5dcbe4d759bfa211e00fa328;18.10.2019
st01460;5dcbe4a859bfa211e00fa064;25.10.2019
mf01150;5dcbe4d759bfa211e00fa328;18.10.2019
st01460;5dcbe4a859bfa211e00fa064;01.11.2019
st01460;5dcbe4a859bfa211e00fa064;16.10.2019
st01460;5dcbe4a859bfa211e00fa064;25.10.2019
st01460;5dcbe4a859bfa211e00fa064;17.10.2019
mf01150;5dcbe4d759bfa211e00fa328;21.10.2019
st01460;5dcbe4a859bfa211e00fa064;21.10.2019
st01460;5dcbe4a859bfa211e00fa064;21.10.2019
mf01150;5dcbe4d759bfa211e00fa328;28.10.2019
mf01150;5dcbe4d759bfa211e00fa328;21.10.2019
st01460;5dcbe4a859bfa211e00fa064;05.11.2019
st01460;5dcbe4a859bfa211e00fa064;05.11.2019
mf01150;5dcbe4d759bfa211e00fa328;18.10.2019
mf01150;5dcbe4d759bfa211e00fa328;28.10.2019
st01460;5dcbe4a859bfa211e00fa064;05.11.2019
st01460;5dcbe4a859bfa211e00fa064;05.11.2019
st01460;5dcbe4a859bfa211e00fa064;07.11.2019
st01460;5dcbe4a859bfa211e00fa064;21.10.2019
st01460;5dcbe4a859bfa211e00fa064;28.10.2019
st01460;5dcbe4a859bfa211e00fa064;01.11.2019
st01460;5dcbe4a859bfa211e00fa064;31.10.2019
st01460;5dcbe4a859bfa211e00fa064;21.10.2019
st01460;5dcbe4a859bfa211e00fa064;05.11.2019
mf01150;5dcbe4d759bfa211e00fa328;17.10.2019
mf01150;5dcbe4d759bfa211e00fa328;21.10.2019
st01460;5dcbe4a859bfa211e00fa064;21.10.2019
st01460;5dcbe4a859bfa211e00fa064;24.10.2019
st01460;5dcbe4a859bfa211e00fa064;25.10.2019
mf01150;5dcbe4d759bfa211e00fa328;16.10.2019
st01460;5dcbe4a859bfa211e00fa064;18.10.2019
mf01150;5dcbe4d759bfa211e00fa328;24.10.2019
mf01150;5dcbe4d759bfa211e00fa328;17.10.2019
st01460;5dcbe4a859bfa211e00fa064;24.10.2019
mf01150;5dcbe4d759bfa211e00fa328;24.10.2019
st01460;5dcbe4a859bfa211e00fa064;25.10.2019
st01460;5dcbe4a859bfa211e00fa064;04.10.2019
mf01150;5dcbe4d759bfa211e00fa328;07.10.2019
st01460;5dcbe4a859bfa211e00fa064;28.10.2019
mf01150;5dcbe4d759bfa211e00fa328;14.10.2019
mf01150;5dcbe4d759bfa211e00fa328;07.10.2019
mf01150;5dcbe4d759bfa211e00fa328;10.10.2019
st01460;5dcbe4a859bfa211e00fa064;21.10.2019
mf01150;5dcbe4d759bfa211e00fa328;09.10.2019
st01460;5dcbe4a859bfa211e00fa064;30.10.2019
mf01150;5dcbe4d759bfa211e00fa328;04.10.2019
mf01150;5dcbe4d759bfa211e00fa328;07.10.2019
st01460;5dcbe4a859bfa211e00fa064;18.10.2019
mf01150;5dcbe4d759bfa211e00fa328;18.10.2019
mf01150;5dcbe4d759bfa211e00fa328;21.10.2019
mf01150;5dcbe4d759bfa211e00fa328;14.10.2019
st01460;5dcbe4a859bfa211e00fa064;21.10.2019
mf01150;5dcbe4d759bfa211e00fa328;21.10.2019
st01460;5dcbe4a859bfa211e00fa064;30.10.2019
mf01150;5dcbe4d759bfa211e00fa328;05.11.2019
mf01150;5dcbe4d759bfa211e00fa328;07.10.2019
st01460;5dcbe4a859bfa211e00fa064;30.10.2019
st01460;5dcbe4a859bfa211e00fa064;05.11.2019
mf01150;5dcbe4d759bfa211e00fa328;24.10.2019
mf01150;5dcbe4d759bfa211e00fa328;11.10.2019
st01460;5dcbe4a859bfa211e00fa064;05.11.2019
mf01150;5dcbe4d759bfa211e00fa328;14.10.2019
st01460;5dcbe4a859bfa211e00fa064;05.11.2019
st01460;5dcbe4a859bfa211e00fa064;25.10.2019
mf01150;5dcbe4d759bfa211e00fa328;21.10.2019
st01460;5dcbe4a859bfa211e00fa064;05.11.2019
mf01150;5dcbe4d759bfa211e00fa328;28.10.2019
mf01150;5dcbe4d759bfa211e00fa328;17.10.2019
mf01150;5dcbe4d759bfa211e00fa328;01.11.2019
mf01150;5dcbe4d759bfa211e00fa328;28.10.2019
st01460;5dcbe4a859bfa211e00fa064;07.11.2019
mf01150;5dcbe4d759bfa211e00fa328;21.10.2019
mf01150;5dcbe4d759bfa211e00fa328;31.10.2019
mf01150;5dcbe4d759bfa211e00fa328;28.10.2019
mf01150;5dcbe4d759bfa211e00fa328;21.10.2019
st01460;5dcbe4a859bfa211e00fa064;07.11.2019
st01460;5dcbe4a859bfa211e00fa064;25.10.2019
st01460;5dcbe4a859bfa211e00fa064;05.11.2019
st01460;5dcbe4a859bfa211e00fa064;21.10.2019
st01460;5dcbe4a859bfa211e00fa064;07.11.2019
st01460;5dcbe4a859bfa211e00fa064;14.10.2019
mf01150;5dcbe4d759bfa211e00fa328;31.10.2019
st01460;5dcbe4a859bfa211e00fa064;11.10.2019
mf01150;5dcbe4d759bfa211e00fa328;24.10.2019
mf01150;5dcbe4d759bfa211e00fa328;25.10.2019
mf01150;5dcbe4d759bfa211e00fa328;01.11.2019
mf01150;5dcbe4d759bfa211e00fa328;28.10.2019
mf01150;5dcbe4d759bfa211e00fa328;21.10.2019
st01460;5dcbe4a859bfa211e00fa064;31.10.2019
st01460;5dcbe4a859bfa211e00fa064;24.10.2019
mf01150;5dcbe4d759bfa211e00fa328;01.11.2019
mf01150;5dcbe4d759bfa211e00fa328;21.10.2019
mf01150;5dcbe4d759bfa211e00fa328;23.10.2019
mf01150;5dcbe4d759bfa211e00fa328;28.10.2019
st01460;5dcbe4a859bfa211e00fa064;25.10.2019
mf01150;5dcbe4d759bfa211e00fa328;23.10.2019
st01460;5dcbe4a859bfa211e00fa064;05.11.2019
mf01150;5dcbe4d759bfa211e00fa328;31.10.2019
mf01150;5dcbe4d759bfa211e00fa328;28.10.2019
st01460;5dcbe4a859bfa211e00fa064;31.10.2019
mf01150;5dcbe4d759bfa211e00fa328;07.11.2019
mf01150;5dcbe4d759bfa211e00fa328;24.10.2019
mf01150;5dcbe4d759bfa211e00fa328;25.10.2019
st01460;5dcbe4a859bfa211e00fa064;28.10.2019
st01460;5dcbe4a859bfa211e00fa064;05.11.2019
st01460;5dcbe4a859bfa211e00fa064;05.11.2019
st01460;5dcbe4a859bfa211e00fa064;01.11.2019
st01460;5dcbe4a859bfa211e00fa064;25.10.2019
mf01150;5dcbe4d759bfa211e00fa328;05.11.2019
st01460;5dcbe4a859bfa211e00fa064;28.10.2019
mf01150;5dcbe4d759bfa211e00fa328;07.11.2019
st01460;5dcbe4a859bfa211e00fa064;31.10.2019
st01460;5dcbe4a859bfa211e00fa064;07.11.2019
st01460;5dcbe4a859bfa211e00fa064;05.11.2019
st01460;5dcbe4a859bfa211e00fa064;07.10.2019
st01460;5dcbe4a859bfa211e00fa064;28.10.2019
st01460;5dcbe4a859bfa211e00fa064;23.10.2019
st01460;5dcbe4a859bfa211e00fa064;03.10.2019
mf01150;5dcbe4d759bfa211e00fa328;25.10.2019
st01460;5dcbe4a859bfa211e00fa064;28.10.2019
st01460;5dcbe4a859bfa211e00fa064;25.10.2019
mf01150;5dcbe4d759bfa211e00fa328;28.10.2019
st01460;5dcbe4a859bfa211e00fa064;16.10.2019
mf01150;5dcbe4d759bfa211e00fa328;31.10.2019
mf01150;5dcbe4d759bfa211e00fa328;14.10.2019
st01460;5dcbe4a859bfa211e00fa064;18.10.2019
st01460;5dcbe4a859bfa211e00fa064;07.10.2019
mf01150;5dcbe4d759bfa211e00fa328;01.11.2019
st01460;5dcbe4a859bfa211e00fa064;05.11.2019
mf01150;5dcbe4d759bfa211e00fa328;05.11.2019
mf01150;5dcbe4d759bfa211e00fa328;05.11.2019
mf01150;5dcbe4d759bfa211e00fa328;28.10.2019
st01460;5dcbe4a859bfa211e00fa064;23.10.2019
mf01150;5dcbe4d759bfa211e00fa328;05.11.2019
st01460;5dcbe4a859bfa211e00fa064;23.10.2019
mf01150;5dcbe4d759bfa211e00fa328;23.10.2019
st01460;5dcbe4a859bfa211e00fa064;23.10.2019
st01460;5dcbe4a859bfa211e00fa064;14.10.2019
st01460;5dcbe4a859bfa211e00fa064;05.11.2019
st01460;5dcbe4a859bfa211e00fa064;24.10.2019
mf01150;5dcbe4d759bfa211e00fa328;31.10.2019
st01460;5dcbe4a859bfa211e00fa064;28.10.2019
st01460;5dcbe4a859bfa211e00fa064;03.10.2019
st01460;5dcbe4a859bfa211e00fa064;04.10.2019
st01460;5dcbe4a859bfa211e00fa064;05.11.2019
mf01150;5dcbe4d759bfa211e00fa328;21.10.2019
mf01150;5dcbe4d759bfa211e00fa328;07.11.2019
st01460;5dcbe4a859bfa211e00fa064;18.10.2019
st01460;5dcbe4a859bfa211e00fa064;07.11.2019
st01460;5dcbe4a859bfa211e00fa064;04.10.2019
st01460;5dcbe4a859bfa211e00fa064;07.11.2019
st01460;5dcbe4a859bfa211e00fa064;07.11.2019
st01460;5dcbe4a859bfa211e00fa064;04.10.2019
st01460;5dcbe4a859bfa211e00fa064;04.10.2019
mf01150;5dcbe4d759bfa211e00fa328;28.10.2019
st01460;5dcbe4a859bfa211e00fa064;05.11.2019
mf01150;5dcbe4d759bfa211e00fa328;07.11.2019
st01460;5dcbe4a859bfa211e00fa064;28.10.2019
mf01150;5dcbe4d759bfa211e00fa328;05.11.2019
st01460;5dcbe4a859bfa211e00fa064;21.10.2019
st01460;5dcbe4a859bfa211e00fa064;23.10.2019
st01460;5dcbe4a859bfa211e00fa064;18.10.2019
st01460;5dcbe4a859bfa211e00fa064;21.10.2019
st01460;5dcbe4a859bfa211e00fa064;21.10.2019
st01460;5dcbe4a859bfa211e00fa064;21.10.2019
st01460;5dcbe4a859bfa211e00fa064;21.10.2019
st01460;5dcbe4a859bfa211e00fa064;23.10.2019
st01460;5dcbe4a859bfa211e00fa064;24.10.2019
st01460;5dcbe4a859bfa211e00fa064;23.10.2019
st01460;5dcbe4a859bfa211e00fa064;16.10.2019
st01460;5dcbe4a859bfa211e00fa064;23.10.2019
st01460;5dcbe4a859bfa211e00fa064;23.10.2019
st01460;5dcbe4a859bfa211e00fa064;05.11.2019
mf01150;5dcbe4d759bfa211e00fa328;05.11.2019
st01460;5dcbe4a859bfa211e00fa064;23.10.2019
st01460;5dcbe4a859bfa211e00fa064;14.10.2019
st01460;5dcbe4a859bfa211e00fa064;11.10.2019
st01460;5dcd6ff554b022213c4dec9d;14.10.2019
st01460;5dcd6ff554b022213c4dec9d;24.10.2019
mf01150;5dcd702654b022213c4decfb;05.11.2019
st01460;5dcd6ff554b022213c4dec9d;28.10.2019
st01460;5dcd6ff554b022213c4dec9d;14.10.2019
st01460;5dcd6ff554b022213c4dec9d;04.10.2019
st01460;5dcd6ff554b022213c4dec9d;28.10.2019
st01460;5dcd6ff554b022213c4dec9d;04.10.2019
st01460;5dcd6ff554b022213c4dec9d;09.10.2019
mf01150;5dcd702654b022213c4decfb;05.11.2019
st01460;5dcd6ff554b022213c4dec9d;14.10.2019
mf01150;5dcd702654b022213c4decfb;05.11.2019
st01460;5dcd6ff554b022213c4dec9d;04.10.2019
mf01150;5dcd702654b022213c4decfb;07.10.2019
mf01150;5dcd702654b022213c4decfb;10.10.2019
mf01150;5dcd702654b022213c4decfb;24.10.2019
st01460;5dcd6ff554b022213c4dec9d;16.10.2019
st01460;5dcd6ff554b022213c4dec9d;10.10.2019
st01460;5dcd6ff554b022213c4dec9d;05.11.2019
st01460;5dcd6ff554b022213c4dec9d;07.10.2019
st01460;5dcd6ff554b022213c4dec9d;07.10.2019
st01460;5dcd6ff554b022213c4dec9d;10.10.2019
mf01150;5dcd702654b022213c4decfb;09.10.2019
st01460;5dcd6ff554b022213c4dec9d;21.10.2019
mf01150;5dcd702654b022213c4decfb;21.10.2019
mf01150;5dcd702654b022213c4decfb;07.10.2019
st01460;5dce9f1ec8897817044731c7;08.11.2019
mf01150;5dce9f6ac8897817044736cf;08.11.2019
mf01150;5dce9f6ac8897817044736cf;11.11.2019
st01460;5dce9f1ec8897817044731c7;28.10.2019
st01460;5dce9f1ec8897817044731c7;24.10.2019
st01460;5dce9f1ec8897817044731c7;14.10.2019
st01460;5dce9f1ec8897817044731c7;17.10.2019
st01460;5dce9f1ec8897817044731c7;01.11.2019
st01460;5dce9f1ec8897817044731c7;08.11.2019
st01460;5dce9f1ec8897817044731c7;08.11.2019
st01460;5dce9f1ec8897817044731c7;11.11.2019
st01460;5dce9f1ec8897817044731c7;11.11.2019
st01460;5dce9f1ec8897817044731c7;11.11.2019
mf01150;5dce9f6ac8897817044736cf;28.10.2019
st01460;5dce9f1ec8897817044731c7;28.10.2019
mf01150;5dce9f6ac8897817044736cf;21.10.2019
st01460;5dce9f1ec8897817044731c7;28.10.2019
mf01150;5dce9f6ac8897817044736cf;09.10.2019
st01460;5dce9f1ec8897817044731c7;01.11.2019
mf01150;5dce9f6ac8897817044736cf;30.10.2019
mf01150;5dce9f6ac8897817044736cf;30.10.2019
mf01150;5dce9f6ac8897817044736cf;07.11.2019
mf01150;5dce9f6ac8897817044736cf;24.10.2019
mf01150;5dce9f6ac8897817044736cf;01.11.2019
mf01150;5dce9f6ac8897817044736cf;11.11.2019
mf01150;5dce9f6ac8897817044736cf;11.11.2019
st01460;5dce9f1ec8897817044731c7;25.10.2019
mf01150;5dce9f6ac8897817044736cf;30.10.2019
mf01150;5dce9f6ac8897817044736cf;31.10.2019
st01460;5dce9f1ec8897817044731c7;08.11.2019
mf01150;5dce9f6ac8897817044736cf;30.10.2019
st01460;5dce9f1ec8897817044731c7;05.11.2019
mf01150;5dce9f6ac8897817044736cf;07.11.2019
mf01150;5dce9f6ac8897817044736cf;30.10.2019
mf01150;5dce9f6ac8897817044736cf;24.10.2019
st01460;5dce9f1ec8897817044731c7;30.10.2019
mf01150;5dce9f6ac8897817044736cf;11.11.2019
mf01150;5dce9f6ac8897817044736cf;11.11.2019
mf01150;5dce9f6ac8897817044736cf;11.11.2019
mf01150;5dce9f6ac8897817044736cf;11.11.2019
st01460;5dce9f1ec8897817044731c7;31.10.2019
mf01150;5dce9f6ac8897817044736cf;28.10.2019
st01460;5dce9f1ec8897817044731c7;07.11.2019
mf01150;5dce9f6ac8897817044736cf;08.11.2019
st01460;5dce9f1ec8897817044731c7;11.11.2019
mf01150;5dce9f6ac8897817044736cf;11.11.2019
st01460;5dce9f1ec8897817044731c7;11.11.2019
st01460;5dce9f1ec8897817044731c7;11.11.2019
mf01150;5dce9f6ac8897817044736cf;11.11.2019
st01460;5dce9f1ec8897817044731c7;11.11.2019
st01460;5dce9f1ec8897817044731c7;11.11.2019
st01460;5dce9f1ec8897817044731c7;11.11.2019
st01460;5dce9f1ec8897817044731c7;11.11.2019
st01460;5dce9f1ec8897817044731c7;11.11.2019
st01460;5dce9f1ec8897817044731c7;11.11.2019
mf01150;5dce9f6ac8897817044736cf;11.11.2019
mf01150;5dce9f6ac8897817044736cf;11.11.2019
mf01150;5dce9f6ac8897817044736cf;08.11.2019
mf01150;5dce9f6ac8897817044736cf;11.11.2019
st01460;5dce9f1ec8897817044731c7;08.11.2019
mf01150;5dce9f6ac8897817044736cf;11.11.2019
st01460;5dce9f1ec8897817044731c7;08.11.2019
st01460;5dce9f1ec8897817044731c7;11.11.2019
mf01150;5dce9f6ac8897817044736cf;11.11.2019
st01460;5dce9f1ec8897817044731c7;11.11.2019
mf01150;5dce9f6ac8897817044736cf;08.11.2019
mf01150;5dce9f6ac8897817044736cf;11.11.2019
st01460;5dce9f1ec8897817044731c7;11.11.2019
mf01150;5dce9f6ac8897817044736cf;11.11.2019
st01460;5dd43a3c06beda0d305ca70c;23.10.2019
st01460;5dd3cf36d15226129853c2ab;07.11.2019
st01460;5dd3cf36d15226129853c2ab;30.10.2019
st01460;5dd3cf36d15226129853c2ab;11.11.2019
st01460;5dd3cf36d15226129853c2ab;28.10.2019
st01460;5dd3cf36d15226129853c2ab;08.11.2019
st01460;5dd3cf36d15226129853c2ab;05.11.2019
mf01150;5dd3cf56d15226129853c308;28.10.2019
st01460;5dd3cf36d15226129853c2ab;05.11.2019
st01460;5dd3cf36d15226129853c2ab;28.10.2019
st01460;5dd5a11906beda0d3061f91a;15.11.2019
mf01150;5dd6547b06beda0d3064369b;31.10.2019
mf01150;5dd5a13606beda0d3061f91b;13.11.2019
st01460;5dd5a11906beda0d3061f91a;11.11.2019
mf01150;5dd6547b06beda0d3064369b;11.11.2019
st01460;5dd5a11906beda0d3061f91a;07.11.2019
st01460;5dd6545d06beda0d3064360f;05.11.2019
st01460;5dd6545d06beda0d3064360f;07.11.2019
mf01150;5dd5a13606beda0d3061f91b;13.11.2019
st01460;5dd6545d06beda0d3064360f;25.10.2019
mf01150;5dd6547b06beda0d3064369b;07.10.2019
mf01150;5dd5a13606beda0d3061f91b;15.11.2019
st01460;5dd5a11906beda0d3061f91a;05.11.2019
st01460;5dd5a11906beda0d3061f91a;05.11.2019
mf01150;5dd5a13606beda0d3061f91b;07.10.2019
st01460;5dd5a11906beda0d3061f91a;05.11.2019
mf01150;5dd5a13606beda0d3061f91b;15.11.2019
mf01150;5dd5a13606beda0d3061f91b;07.11.2019
mf01150;5dd5a13606beda0d3061f91b;15.11.2019
mf01150;5dd5a13606beda0d3061f91b;11.11.2019
mf01150;5dd5a13606beda0d3061f91b;15.11.2019
mf01150;5dd5a13606beda0d3061f91b;08.11.2019
st01460;5dd5a11906beda0d3061f91a;13.11.2019
st01460;5dd5a11906beda0d3061f91a;11.11.2019
st01460;5dd5a11906beda0d3061f91a;11.11.2019
mf01150;5dd5a13606beda0d3061f91b;15.11.2019
st01460;5dd5a11906beda0d3061f91a;28.10.2019
mf01150;5dd5a13606beda0d3061f91b;14.11.2019
st01460;5dd5a11906beda0d3061f91a;13.11.2019
st01460;5dd5a11906beda0d3061f91a;15.11.2019
mf01150;5dd5a13606beda0d3061f91b;15.11.2019
mf01150;5dd5a13606beda0d3061f91b;11.11.2019
st01460;5dd5a11906beda0d3061f91a;15.11.2019
st01460;5dd5a11906beda0d3061f91a;15.11.2019
st01460;5dd5a11906beda0d3061f91a;15.11.2019
mf01150;5dd5a13606beda0d3061f91b;04.10.2019
st01460;5dd5a11906beda0d3061f91a;11.11.2019
st01460;5dd5a11906beda0d3061f91a;15.11.2019
st01460;5dd6545d06beda0d3064360f;04.10.2019
st01460;5dd5a11906beda0d3061f91a;13.11.2019
st01460;5dd5a11906beda0d3061f91a;15.11.2019
mf01150;5dd6547b06beda0d3064369b;05.11.2019
st01460;5dd5a11906beda0d3061f91a;11.11.2019
st01460;5dd5a11906beda0d3061f91a;15.11.2019
st01460;5dd5a11906beda0d3061f91a;15.11.2019
mf01150;5dd5a13606beda0d3061f91b;13.11.2019
st01460;5dd5a11906beda0d3061f91a;13.11.2019
st01460;5dd5a11906beda0d3061f91a;15.11.2019
mf01150;5dd5a13606beda0d3061f91b;11.11.2019
st01460;5dd5a11906beda0d3061f91a;11.11.2019
st01460;5dd5a11906beda0d3061f91a;14.11.2019
st01460;5dd5a11906beda0d3061f91a;11.11.2019
mf01150;5dd5a13606beda0d3061f91b;15.11.2019
st01460;5dd5a11906beda0d3061f91a;13.11.2019
mf01150;5dd5a13606beda0d3061f91b;28.10.2019
mf01150;5dd5a13606beda0d3061f91b;05.11.2019
st01460;5dd5a11906beda0d3061f91a;08.11.2019
mf01150;5dd5a13606beda0d3061f91b;13.11.2019
mf01150;5dd6547b06beda0d3064369b;05.11.2019
st01460;5dd6545d06beda0d3064360f;05.11.2019
st01460;5dd6545d06beda0d3064360f;28.10.2019
st01460;5ddb77c040b51b05c8c0fa6a;11.11.2019
st01460;5ddb77c040b51b05c8c0fa6a;11.11.2019
st01460;5ddb77c040b51b05c8c0fa6a;23.10.2019
st01460;5ddb77c040b51b05c8c0fa6a;07.11.2019
st01460;5ddb77c040b51b05c8c0fa6a;11.11.2019
st01460;5ddb77c040b51b05c8c0fa6a;15.11.2019
mf01150;5ddb77e240b51b05c8c0faf1;11.11.2019
st01460;5ddb77c040b51b05c8c0fa6a;15.11.2019
st01460;5ddb77c040b51b05c8c0fa6a;18.11.2019
mf01150;5ddea3e1c4f62d11f000aa00;31.10.2019
mf01150;5ddea3e1c4f62d11f000aa00;01.11.2019
mf01150;5ddea3e1c4f62d11f000aa00;20.11.2019
mf01150;5ddea3e1c4f62d11f000aa00;05.11.2019
mf01150;5ddea3e1c4f62d11f000aa00;21.11.2019
mf01150;5ddea3e1c4f62d11f000aa00;20.11.2019
mf01150;5ddea3e1c4f62d11f000aa00;25.10.2019
mf01150;5ddea3e1c4f62d11f000aa00;31.10.2019
mf01150;5ddea3e1c4f62d11f000aa00;30.10.2019
mf01150;5ddea3e1c4f62d11f000aa00;01.11.2019
mf01150;5ddea3e1c4f62d11f000aa00;11.11.2019
mf01150;5ddea3e1c4f62d11f000aa00;13.11.2019
mf01150;5ddea3e1c4f62d11f000aa00;08.11.2019
mf01150;5ddea3e1c4f62d11f000aa00;16.10.2019
mf01150;5ddea3e1c4f62d11f000aa00;20.11.2019
st01460;5ddea3a0c4f62d11f000a9fe;28.10.2019
mf01150;5ddea3e1c4f62d11f000aa00;15.11.2019
mf01150;5ddea3e1c4f62d11f000aa00;15.11.2019
mf01150;5ddea3e1c4f62d11f000aa00;20.11.2019
mf01150;5ddea3e1c4f62d11f000aa00;21.11.2019
st01460;5ddea3a0c4f62d11f000a9fe;18.11.2019
st01460;5de5a245a978f008c0b943f5;11.11.2019
st01460;5de5a245a978f008c0b943f5;22.11.2019
mf01150;5de5a264a978f008c0b943f6;25.11.2019
mf01150;5de5a264a978f008c0b943f6;20.11.2019
mf01150;5de5a264a978f008c0b943f6;18.11.2019
mf01150;5de5a264a978f008c0b943f6;20.11.2019
mf01150;5de5a264a978f008c0b943f6;14.11.2019
st01460;5de5a245a978f008c0b943f5;18.11.2019
st01460;5de5a245a978f008c0b943f5;21.11.2019
st01460;5de5a245a978f008c0b943f5;01.11.2019
st01460;5de5a245a978f008c0b943f5;21.11.2019
mf01150;5de5a264a978f008c0b943f6;25.11.2019
st01460;5de5a245a978f008c0b943f5;18.11.2019
st01460;5de5a245a978f008c0b943f5;22.11.2019
st01460;5de5a245a978f008c0b943f5;22.11.2019
st01460;5de5a245a978f008c0b943f5;15.11.2019
st01460;5de5a245a978f008c0b943f5;22.11.2019
mf01150;5de8aecad5a6241a6c112ca8;22.11.2019
mf01150;5de8aecad5a6241a6c112ca8;27.11.2019
st01460;5de8ae7bd5a6241a6c1129ad;28.10.2019
mf01150;5de8aecad5a6241a6c112ca8;28.11.2019
st01460;5dee1dd2b4c0781888b3b4fa;14.11.2019
st01460;5dee1dd2b4c0781888b3b4fa;21.11.2019
mf01150;5dee1dfbb4c0781888b3b4fc;02.12.2019
st01460;5dee1dd2b4c0781888b3b4fa;02.12.2019
mf01150;5dee1dfbb4c0781888b3b4fc;20.11.2019
mf01150;5dee1dfbb4c0781888b3b4fc;02.12.2019
st01460;5dee1dd2b4c0781888b3b4fa;02.12.2019
mf01150;5dee1dfbb4c0781888b3b4fc;09.10.2019
mf01150;5dee1dfbb4c0781888b3b4fc;02.12.2019
st01460;5dee1dd2b4c0781888b3b4fa;22.11.2019
st01460;5dee1dd2b4c0781888b3b4fa;05.11.2019
mf01150;5df1cbab70c1bf0f54bcd26c;04.12.2019
st01460;5df1cb4470c1bf0f54bcd10a;14.10.2019
mf01150;5df1cbab70c1bf0f54bcd26c;02.12.2019
st01460;5df1cb4470c1bf0f54bcd10a;28.11.2019
st01460;5df1cb4470c1bf0f54bcd10a;18.11.2019
st01460;5df1cb4470c1bf0f54bcd10a;08.11.2019
mf01150;5df1cbab70c1bf0f54bcd26c;02.12.2019
mf01150;5df1cbab70c1bf0f54bcd26c;28.11.2019
mf01150;5df1cbab70c1bf0f54bcd26c;06.12.2019
st01460;5df1cb4470c1bf0f54bcd10a;05.12.2019
st01460;5df1cb4470c1bf0f54bcd10a;25.11.2019
st01460;5df1cb4470c1bf0f54bcd10a;27.11.2019
st01460;5df727870fea2d1df8bc1c67;15.11.2019
st01460;5df727870fea2d1df8bc1c67;22.11.2019
st01460;5df727870fea2d1df8bc1c67;18.11.2019
st01460;5df727870fea2d1df8bc1c67;14.11.2019
mf01150;5df727b50fea2d1df8bc1d86;05.12.2019
mf01150;5df727b50fea2d1df8bc1d86;20.11.2019
st01460;5df727870fea2d1df8bc1c67;02.12.2019
mf01150;5df727b50fea2d1df8bc1d86;28.11.2019
st01460;5df727870fea2d1df8bc1c67;27.11.2019
mf01150;5df727b50fea2d1df8bc1d86;07.11.2019
mf01150;5df727b50fea2d1df8bc1d86;02.12.2019
mf01150;5df727b50fea2d1df8bc1d86;02.12.2019
st01460;5dfb65e280a4d902e86e0af2;06.12.2019
mf01150;5dfb665d80a4d902e86e185a;09.12.2019
mf01150;5dfb665d80a4d902e86e185a;12.12.2019
mf01150;5dfb665d80a4d902e86e185a;21.11.2019
st01460;5dfb65e280a4d902e86e0af2;09.12.2019
mf01150;5dfb665d80a4d902e86e185a;09.12.2019
st01460;5dfb65e280a4d902e86e0af2;12.12.2019
mf01150;5dfb665d80a4d902e86e185a;11.12.2019
mf01150;5dfb665d80a4d902e86e185a;27.11.2019
st01460;5dfb65e280a4d902e86e0af2;06.12.2019
st01460;5dfb65e280a4d902e86e0af2;25.11.2019
st01460;5e00b8e180a4d902e8904e49;09.12.2019
mf01150;5e00b93380a4d902e890509d;16.12.2019
st01460;5e01ddeb80a4d902e89769cc;02.12.2019
mf01150;5e01de1c80a4d902e8976ad5;13.12.2019
st01460;5e01ddeb80a4d902e89769cc;02.12.2019
st01460;5e01ddeb80a4d902e89769cc;22.11.2019
st01460;5e01ddeb80a4d902e89769cc;09.12.2019
st01460;5e01ddeb80a4d902e89769cc;12.12.2019
st01460;5e01ddeb80a4d902e89769cc;29.11.2019
st01460;5e01ddeb80a4d902e89769cc;12.12.2019
mf01150;5e01de1c80a4d902e8976ad5;09.12.2019
mf01150;5e01de1c80a4d902e8976ad5;07.11.2019
st01460;5e01ddeb80a4d902e89769cc;13.12.2019
st01460;5e01ddeb80a4d902e89769cc;05.12.2019
st01460;5e01ddeb80a4d902e89769cc;18.12.2019
mf01150;5e01de1c80a4d902e8976ad5;18.12.2019
st01460;5e01ddeb80a4d902e89769cc;25.11.2019
st01460;5e01ddeb80a4d902e89769cc;02.12.2019
st01460;5e01ddeb80a4d902e89769cc;05.12.2019
st01460;5e01ddeb80a4d902e89769cc;09.12.2019
st01460;5e01ddeb80a4d902e89769cc;09.12.2019
st01460;5e01ddeb80a4d902e89769cc;11.12.2019
st01460;5e01ddeb80a4d902e89769cc;12.12.2019
st01460;5e02f33580a4d902e89dd2fb;11.12.2019
mf01150;5e02f36880a4d902e89dd33f;18.12.2019
mf01150;5e02f36880a4d902e89dd33f;13.12.2019
mf01150;5e02f36880a4d902e89dd33f;18.12.2019
mf01150;5e0a90485ae5c80f5c842f6b;20.12.2019
st01460;5e0a901d5ae5c80f5c842f37;20.12.2019
mf01150;5e0a90485ae5c80f5c842f6b;19.12.2019
mf01150;5e0a90485ae5c80f5c842f6b;16.12.2019
mf01150;5e0a90485ae5c80f5c842f6b;23.12.2019
st01460;5e0a901d5ae5c80f5c842f37;03.10.2019
mf01150;5e0a90485ae5c80f5c842f6b;23.12.2019
mf01150;5e0a90485ae5c80f5c842f6b;23.12.2019
st01460;5e0a901d5ae5c80f5c842f37;16.12.2019
st01460;5e1c2e9ae51e482308ecdf16;25.12.2019
st01460;5e1c2e9ae51e482308ecdf16;19.12.2019
st01460;5e1c2e9ae51e482308ecdf16;23.12.2019
st01460;5e1c2e9ae51e482308ecdf16;26.12.2019
st01460;5e1c2e9ae51e482308ecdf16;27.12.2019
mf01150;5e1c3341e51e482308ecf363;23.12.2019
mf01150;5e1c3341e51e482308ecf363;26.12.2019
mf01150;5e1c3341e51e482308ecf363;23.12.2019
mf01150;5e1c3341e51e482308ecf363;06.12.2019
mf01150;5e1c3341e51e482308ecf363;27.12.2019
mf01150;5e1c3341e51e482308ecf363;27.12.2019
st01460;5e2184313618f521a0a59f05;09.01.2020
st01460;5e2184313618f521a0a59f05;09.01.2020
st01460;5e2184313618f521a0a59f05;27.12.2019
st01460;5e2184313618f521a0a59f05;25.12.2019
mf01150;5e2184843618f521a0a5a2a9;26.12.2019
mf01150;5e2184843618f521a0a5a2a9;23.12.2019
st01460;5e2184313618f521a0a59f05;12.12.2019
st01460;5e2184313618f521a0a59f05;09.01.2020
st01460;5e2184313618f521a0a59f05;27.12.2019
mf01150;5e2184843618f521a0a5a2a9;30.12.2019
mf01150;5e2184843618f521a0a5a2a9;13.01.2020
mf01150;5e2184843618f521a0a5a2a9;30.12.2019
mf01150;5e2184843618f521a0a5a2a9;09.12.2019
