20191111145508.zip;44509385-ff98-11e9-8121-e567db16e2c2;11.11.2019;10.10.2019;
20191111144601.zip;e6a0b341-ff98-11e9-8121-e567db16e2c2;11.11.2019;16.10.2019;
20191111145508.zip;5799c054-ff99-11e9-8121-e567db16e2c2;11.11.2019;11.10.2019;
20191111144601.zip;a8bd31c1-ff98-11e9-8121-e567db16e2c2;11.11.2019;03.10.2019;
20191111145508.zip;9634a06c-ff98-11e9-8121-e567db16e2c2;11.11.2019;09.10.2019;
20191111145508.zip;18feb66f-ff99-11e9-8121-e567db16e2c2;11.11.2019;10.10.2019;
20191111144601.zip;4cf5dd47-ffbd-11e9-8121-e567db16e2c2;11.11.2019;07.10.2019;
20191111144601.zip;c8544041-ffbc-11e9-8121-e567db16e2c2;11.11.2019;14.10.2019;
20191111145508.zip;123c2edc-ff99-11e9-8121-e567db16e2c2;11.11.2019;07.10.2019;
20191111145508.zip;4aa13ebb-ff98-11e9-8121-e567db16e2c2;11.11.2019;04.10.2019;
20191111145508.zip;384fcd7c-ff99-11e9-8121-e567db16e2c2;11.11.2019;03.10.2019;
20191111144601.zip;a8bd31c4-ff98-11e9-8121-e567db16e2c2;11.11.2019;07.10.2019;
20191111154149.zip;cdaf33c8-ff98-11e9-8121-e567db16e2c2;11.11.2019;24.10.2019;
20191111145508.zip;ff48fc9c-ff98-11e9-8121-e567db16e2c2;11.11.2019;09.10.2019;
20191111145508.zip;123c2ed7-ff99-11e9-8121-e567db16e2c2;11.11.2019;09.10.2019;
20191111154149.zip;9caf1ab1-ff98-11e9-8121-e567db16e2c2;11.11.2019;01.11.2019;
20191111145508.zip;5dbf2d35-ff99-11e9-8121-e567db16e2c2;11.11.2019;09.10.2019;
20191111154149.zip;63d3f073-ff99-11e9-8121-e567db16e2c2;11.11.2019;16.10.2019;
20191111154149.zip;7e0ef753-ff99-11e9-8121-e567db16e2c2;11.11.2019;16.10.2019;
20191111154149.zip;592687e5-ffbd-11e9-8121-e567db16e2c2;11.11.2019;01.11.2019;
20191111145508.zip;ce80d144-ffbc-11e9-8121-e567db16e2c2;11.11.2019;10.10.2019;
20191111145508.zip;4ac9999e-ff99-11e9-8121-e567db16e2c2;11.11.2019;14.10.2019;
20191111145508.zip;cdaf33c0-ff98-11e9-8121-e567db16e2c2;11.11.2019;14.10.2019;
20191111154149.zip;2c538116-ff99-11e9-8121-e567db16e2c2;11.11.2019;16.10.2019;
20191111145508.zip;7e0ef760-ff99-11e9-8121-e567db16e2c2;11.11.2019;04.10.2019;
20191111145508.zip;a8bd31c7-ff98-11e9-8121-e567db16e2c2;11.11.2019;03.10.2019;
20191111144601.zip;3d668e89-ff98-11e9-8121-e567db16e2c2;11.11.2019;03.10.2019;
20191111145508.zip;20d23e1e-ffbd-11e9-8121-e567db16e2c2;11.11.2019;11.10.2019;
20191111144601.zip;c8544049-ffbc-11e9-8121-e567db16e2c2;11.11.2019;03.10.2019;
20191111145508.zip;63d3f078-ff99-11e9-8121-e567db16e2c2;11.11.2019;07.10.2019;
20191111144601.zip;f56f6e64-ffbc-11e9-8121-e567db16e2c2;11.11.2019;14.10.2019;
20191111144601.zip;080cef27-ffbd-11e9-8121-e567db16e2c2;11.11.2019;14.10.2019;
20191111144601.zip;6a79e793-ff99-11e9-8121-e567db16e2c2;11.11.2019;14.10.2019;
20191111144601.zip;da3bf0b1-ff98-11e9-8121-e567db16e2c2;11.11.2019;14.10.2019;
20191111145508.zip;c23aba44-ffbc-11e9-8121-e567db16e2c2;11.11.2019;10.10.2019;
20191111145508.zip;c7a814b3-ff98-11e9-8121-e567db16e2c2;11.11.2019;10.10.2019;
20191111144601.zip;3d668e81-ff98-11e9-8121-e567db16e2c2;11.11.2019;07.10.2019;
20191111145508.zip;4aa13eb4-ff98-11e9-8121-e567db16e2c2;11.11.2019;07.10.2019;
20191111144601.zip;cdaf33c4-ff98-11e9-8121-e567db16e2c2;11.11.2019;04.10.2019;
20191111144601.zip;261183bc-ff99-11e9-8121-e567db16e2c2;11.11.2019;04.10.2019;
20191111144601.zip;592687e3-ffbd-11e9-8121-e567db16e2c2;11.11.2019;04.10.2019;
20191111154149.zip;5711e824-ff98-11e9-8121-e567db16e2c2;11.11.2019;21.10.2019;
20191111144601.zip;d4ceb57e-ffbc-11e9-8121-e567db16e2c2;11.11.2019;03.10.2019;
20191111144601.zip;18feb67b-ff99-11e9-8121-e567db16e2c2;11.11.2019;07.10.2019;
20191111154149.zip;845a7a37-ff99-11e9-8121-e567db16e2c2;11.11.2019;24.10.2019;
20191111154149.zip;aec7fa50-ff98-11e9-8121-e567db16e2c2;11.11.2019;01.11.2019;
20191111145508.zip;b4e4c441-ff98-11e9-8121-e567db16e2c2;11.11.2019;04.10.2019;
20191111145508.zip;01f36920-ffbd-11e9-8121-e567db16e2c2;11.11.2019;03.10.2019;
20191111144601.zip;c23e528f-0052-11ea-8121-e567db16e2c2;11.11.2019;23.10.2019;
20191111144601.zip;7e0ef75e-ff99-11e9-8121-e567db16e2c2;11.11.2019;03.10.2019;
20191111145508.zip;b5b59518-0052-11ea-8121-e567db16e2c2;11.11.2019;25.10.2019;
20191111154149.zip;0bc11077-ff99-11e9-8121-e567db16e2c2;11.11.2019;24.10.2019;
20191111144601.zip;4ac99996-ff99-11e9-8121-e567db16e2c2;11.11.2019;03.10.2019;
20191111144601.zip;af5e12f3-ff99-11e9-8121-e567db16e2c2;11.11.2019;17.10.2019;
20191111144601.zip;384fcd7a-ff99-11e9-8121-e567db16e2c2;11.11.2019;17.10.2019;
20191111154149.zip;14804045-ffbd-11e9-8121-e567db16e2c2;11.11.2019;28.10.2019;
20191111154149.zip;c7a814b4-ff98-11e9-8121-e567db16e2c2;11.11.2019;01.11.2019;
20191111144601.zip;6a79e794-ff99-11e9-8121-e567db16e2c2;11.11.2019;07.10.2019;
20191111145508.zip;63d3f074-ff99-11e9-8121-e567db16e2c2;11.11.2019;07.10.2019;
20191111154149.zip;77b78d96-ff99-11e9-8121-e567db16e2c2;11.11.2019;01.11.2019;
20191111154149.zip;a952d538-ff99-11e9-8121-e567db16e2c2;11.11.2019;01.11.2019;
20191111145508.zip;af5e12f2-ff99-11e9-8121-e567db16e2c2;11.11.2019;14.10.2019;
20191111154149.zip;c12dc16e-ff98-11e9-8121-e567db16e2c2;11.11.2019;05.11.2019;
20191111144601.zip;7749213f-ff98-11e9-8121-e567db16e2c2;11.11.2019;05.11.2019;
20191111144601.zip;a9176b33-0052-11ea-8121-e567db16e2c2;11.11.2019;18.10.2019;
20191111144601.zip;baf5ce6d-ff98-11e9-8121-e567db16e2c2;11.11.2019;09.10.2019;
20191111144601.zip;0e1cefaa-ffbd-11e9-8121-e567db16e2c2;11.11.2019;14.10.2019;
20191111144601.zip;3e9db1b4-ff99-11e9-8121-e567db16e2c2;11.11.2019;14.10.2019;
20191111145508.zip;ff48fc94-ff98-11e9-8121-e567db16e2c2;11.11.2019;28.10.2019;
20191111144601.zip;ece5ecc4-ff98-11e9-8121-e567db16e2c2;11.11.2019;14.10.2019;
20191111145508.zip;f302e593-ff98-11e9-8121-e567db16e2c2;11.11.2019;01.11.2019;
20191111144601.zip;9634a065-ff98-11e9-8121-e567db16e2c2;11.11.2019;14.10.2019;
20191111144601.zip;14804040-ffbd-11e9-8121-e567db16e2c2;11.11.2019;07.10.2019;
20191111145508.zip;77b78d92-ff99-11e9-8121-e567db16e2c2;11.11.2019;03.10.2019;
20191111144601.zip;4450938e-ff98-11e9-8121-e567db16e2c2;11.11.2019;07.10.2019;
20191111144601.zip;70d44c3d-ff98-11e9-8121-e567db16e2c2;11.11.2019;04.10.2019;
20191111144601.zip;4450938f-ff98-11e9-8121-e567db16e2c2;11.11.2019;03.10.2019;
20191111144601.zip;3e9db1b2-ff99-11e9-8121-e567db16e2c2;11.11.2019;23.10.2019;
20191111145508.zip;3d668e7e-ff98-11e9-8121-e567db16e2c2;11.11.2019;04.10.2019;
20191111145508.zip;4ac99994-ff99-11e9-8121-e567db16e2c2;11.11.2019;04.10.2019;
20191111144601.zip;c8544045-ffbc-11e9-8121-e567db16e2c2;11.11.2019;03.10.2019;
20191111144601.zip;af6c7397-0052-11ea-8121-e567db16e2c2;11.11.2019;23.10.2019;
20191111145508.zip;aec7fa5a-ff98-11e9-8121-e567db16e2c2;11.11.2019;14.10.2019;
20191111145508.zip;970b05f6-ff99-11e9-8121-e567db16e2c2;11.11.2019;04.10.2019;
20191111145508.zip;5da96059-ff98-11e9-8121-e567db16e2c2;11.11.2019;07.10.2019;
20191111144601.zip;4aa13ebd-ff98-11e9-8121-e567db16e2c2;11.11.2019;14.10.2019;
20191111154149.zip;d4ceb583-ffbc-11e9-8121-e567db16e2c2;11.11.2019;01.11.2019;
20191111144601.zip;83f9e0e0-ff98-11e9-8121-e567db16e2c2;11.11.2019;16.10.2019;
20191111144601.zip;8ff07851-ff98-11e9-8121-e567db16e2c2;11.11.2019;09.10.2019;
20191111144601.zip;cdaf33ca-ff98-11e9-8121-e567db16e2c2;11.11.2019;09.10.2019;
20191111144601.zip;fba0c21f-ffbc-11e9-8121-e567db16e2c2;11.11.2019;21.10.2019;
20191111145508.zip;0e1cefa8-ffbd-11e9-8121-e567db16e2c2;11.11.2019;07.10.2019;
20191111145508.zip;080cef29-ffbd-11e9-8121-e567db16e2c2;11.11.2019;03.10.2019;
20191111144601.zip;2d7eb045-ffbd-11e9-8121-e567db16e2c2;11.11.2019;09.10.2019;
20191112144346.zip;e6a0b346-ff98-11e9-8121-e567db16e2c2;12.11.2019;24.10.2019;
20191112144346.zip;9d2e1181-ff99-11e9-8121-e567db16e2c2;12.11.2019;24.10.2019;
20191112144346.zip;af5e12f1-ff99-11e9-8121-e567db16e2c2;12.11.2019;24.10.2019;
20191112142555.zip;123c2eda-ff99-11e9-8121-e567db16e2c2;12.11.2019;16.10.2019;
20191112142555.zip;a8bd31cc-ff98-11e9-8121-e567db16e2c2;12.11.2019;16.10.2019;
20191112142555.zip;64231759-ff98-11e9-8121-e567db16e2c2;12.11.2019;18.10.2019;
20191112142555.zip;01f36922-ffbd-11e9-8121-e567db16e2c2;12.11.2019;05.11.2019;
20191112142555.zip;384fcd6f-ff99-11e9-8121-e567db16e2c2;12.11.2019;05.11.2019;
20191112142555.zip;83f9e0df-ff98-11e9-8121-e567db16e2c2;12.11.2019;18.10.2019;
20191112142555.zip;e6a0b345-ff98-11e9-8121-e567db16e2c2;12.11.2019;21.10.2019;
20191112142555.zip;da6ad2fe-ff96-11e9-8121-e567db16e2c2;12.11.2019;24.10.2019;
20191112142555.zip;aec7fa5b-ff98-11e9-8121-e567db16e2c2;12.11.2019;25.10.2019;
20191112144346.zip;c12dc16f-ff98-11e9-8121-e567db16e2c2;12.11.2019;01.11.2019;
20191112142555.zip;f489bfef-0052-11ea-8121-e567db16e2c2;12.11.2019;25.10.2019;
20191112144346.zip;4ac99998-ff99-11e9-8121-e567db16e2c2;12.11.2019;16.10.2019;
20191112144346.zip;33f9cea5-ffbd-11e9-8121-e567db16e2c2;12.11.2019;17.10.2019;
20191112143342.zip;2c538112-ff99-11e9-8121-e567db16e2c2;12.11.2019;14.10.2019;
20191112142555.zip;5711e821-ff98-11e9-8121-e567db16e2c2;12.11.2019;21.10.2019;
20191112142555.zip;970b05f9-ff99-11e9-8121-e567db16e2c2;12.11.2019;28.10.2019;
20191112142555.zip;712702d4-ff99-11e9-8121-e567db16e2c2;12.11.2019;28.10.2019;
20191112144346.zip;4450938a-ff98-11e9-8121-e567db16e2c2;12.11.2019;05.11.2019;
20191112142555.zip;52f79583-ffbd-11e9-8121-e567db16e2c2;12.11.2019;30.10.2019;
20191112144346.zip;51210356-ff99-11e9-8121-e567db16e2c2;12.11.2019;17.10.2019;
20191112142555.zip;ff48fc90-ff98-11e9-8121-e567db16e2c2;12.11.2019;01.11.2019;
20191112142555.zip;f56f6e65-ffbc-11e9-8121-e567db16e2c2;12.11.2019;05.11.2019;
20191112144346.zip;f56f6e5e-ffbc-11e9-8121-e567db16e2c2;12.11.2019;05.11.2019;
20191112144346.zip;592687e9-ffbd-11e9-8121-e567db16e2c2;12.11.2019;21.10.2019;
20191112142555.zip;1a9c27a2-ffbd-11e9-8121-e567db16e2c2;12.11.2019;01.11.2019;
20191112144346.zip;64231751-ff98-11e9-8121-e567db16e2c2;12.11.2019;24.10.2019;
20191112142555.zip;a8bd31c2-ff98-11e9-8121-e567db16e2c2;12.11.2019;05.11.2019;
20191112142555.zip;46a33646-ffbd-11e9-8121-e567db16e2c2;12.11.2019;14.10.2019;
20191112142555.zip;e17664de-ffbc-11e9-8121-e567db16e2c2;12.11.2019;05.11.2019;
20191112142555.zip;52f79580-ffbd-11e9-8121-e567db16e2c2;12.11.2019;05.11.2019;
20191112142555.zip;e17664e0-ffbc-11e9-8121-e567db16e2c2;12.11.2019;05.11.2019;
20191112144346.zip;da3bf0bb-ff98-11e9-8121-e567db16e2c2;12.11.2019;07.10.2019;
20191112144346.zip;f2cc283e-ff96-11e9-8121-e567db16e2c2;12.11.2019;21.10.2019;
20191112144346.zip;46a33647-ffbd-11e9-8121-e567db16e2c2;12.11.2019;11.10.2019;
20191112142555.zip;592687ea-ffbd-11e9-8121-e567db16e2c2;12.11.2019;14.10.2019;
20191112142555.zip;f917a8d9-ff98-11e9-8121-e567db16e2c2;12.11.2019;05.11.2019;
20191112144346.zip;8a7fe711-ff99-11e9-8121-e567db16e2c2;12.11.2019;05.11.2019;
20191112142555.zip;7e0ef751-ff99-11e9-8121-e567db16e2c2;12.11.2019;01.11.2019;
20191112144346.zip;77492131-ff98-11e9-8121-e567db16e2c2;12.11.2019;25.10.2019;
20191112144346.zip;3e9db1b9-ff99-11e9-8121-e567db16e2c2;12.11.2019;11.10.2019;
20191112144346.zip;ee2ebde2-ffbc-11e9-8121-e567db16e2c2;12.11.2019;05.11.2019;
20191112144346.zip;6a79e796-ff99-11e9-8121-e567db16e2c2;12.11.2019;11.10.2019;
20191112142555.zip;32579ab4-ff99-11e9-8121-e567db16e2c2;12.11.2019;14.10.2019;
20191112144346.zip;89f8e9a6-ff98-11e9-8121-e567db16e2c2;12.11.2019;14.10.2019;
20191112144346.zip;a952d52f-ff99-11e9-8121-e567db16e2c2;12.11.2019;01.11.2019;
20191112144346.zip;8ff07852-ff98-11e9-8121-e567db16e2c2;12.11.2019;14.10.2019;
20191112142555.zip;a8bd31c9-ff98-11e9-8121-e567db16e2c2;12.11.2019;14.10.2019;
20191112142555.zip;9caf1ab4-ff98-11e9-8121-e567db16e2c2;12.11.2019;14.10.2019;
20191112142555.zip;080cef25-ffbd-11e9-8121-e567db16e2c2;12.11.2019;14.10.2019;
20191112144346.zip;f917a8cf-ff98-11e9-8121-e567db16e2c2;12.11.2019;05.11.2019;
20191112142555.zip;90ef1e95-ff99-11e9-8121-e567db16e2c2;12.11.2019;24.10.2019;
20191112144346.zip;6a79e797-ff99-11e9-8121-e567db16e2c2;12.11.2019;11.10.2019;
20191112142555.zip;db6539f4-0052-11ea-8121-e567db16e2c2;12.11.2019;25.10.2019;
20191112142555.zip;080cef1f-ffbd-11e9-8121-e567db16e2c2;12.11.2019;05.11.2019;
20191112144346.zip;e6a0b33e-ff98-11e9-8121-e567db16e2c2;12.11.2019;28.10.2019;
20191112144346.zip;0e1cefa5-ffbd-11e9-8121-e567db16e2c2;12.11.2019;25.10.2019;
20191112144346.zip;4450938b-ff98-11e9-8121-e567db16e2c2;12.11.2019;18.10.2019;
20191112144346.zip;384fcd70-ff99-11e9-8121-e567db16e2c2;12.11.2019;18.10.2019;
20191112144346.zip;8ff07862-ff98-11e9-8121-e567db16e2c2;12.11.2019;11.10.2019;
20191112144346.zip;ce80d13e-ffbc-11e9-8121-e567db16e2c2;12.11.2019;21.10.2019;
20191112142555.zip;9caf1ab2-ff98-11e9-8121-e567db16e2c2;12.11.2019;25.10.2019;
20191112144346.zip;f917a8d7-ff98-11e9-8121-e567db16e2c2;12.11.2019;01.11.2019;
20191112144346.zip;89f8e9ab-ff98-11e9-8121-e567db16e2c2;12.11.2019;18.10.2019;
20191112142555.zip;01f36924-ffbd-11e9-8121-e567db16e2c2;12.11.2019;30.10.2019;
20191112142555.zip;f302e58e-ff98-11e9-8121-e567db16e2c2;12.11.2019;04.10.2019;
20191112143342.zip;9d2e1183-ff99-11e9-8121-e567db16e2c2;12.11.2019;14.10.2019;
20191112142555.zip;9d2e1171-ff99-11e9-8121-e567db16e2c2;12.11.2019;14.10.2019;
20191112144346.zip;c7a814b9-ff98-11e9-8121-e567db16e2c2;12.11.2019;03.10.2019;
20191112144346.zip;90ef1e9c-ff99-11e9-8121-e567db16e2c2;12.11.2019;05.11.2019;
20191112144346.zip;ce80d146-ffbc-11e9-8121-e567db16e2c2;12.11.2019;24.10.2019;
20191112142555.zip;f917a8d3-ff98-11e9-8121-e567db16e2c2;12.11.2019;25.10.2019;
20191112144346.zip;8ff0785d-ff98-11e9-8121-e567db16e2c2;12.11.2019;11.10.2019;
20191112142555.zip;52f7957f-ffbd-11e9-8121-e567db16e2c2;12.11.2019;05.11.2019;
20191112144346.zip;af6c7392-0052-11ea-8121-e567db16e2c2;12.11.2019;01.11.2019;
20191112144346.zip;1a9c27a0-ffbd-11e9-8121-e567db16e2c2;12.11.2019;21.10.2019;
20191112144346.zip;51210351-ff99-11e9-8121-e567db16e2c2;12.11.2019;31.10.2019;
20191112144346.zip;fba0c224-ffbc-11e9-8121-e567db16e2c2;12.11.2019;05.11.2019;
20191112144346.zip;5dbf2d2e-ff99-11e9-8121-e567db16e2c2;12.11.2019;04.10.2019;
20191112142555.zip;4ac99995-ff99-11e9-8121-e567db16e2c2;12.11.2019;04.10.2019;
20191112144346.zip;4ac9998e-ff99-11e9-8121-e567db16e2c2;12.11.2019;14.10.2019;
20191112143342.zip;f917a8d8-ff98-11e9-8121-e567db16e2c2;12.11.2019;24.10.2019;
20191112143342.zip;52f79588-ffbd-11e9-8121-e567db16e2c2;12.11.2019;21.10.2019;
20191112144346.zip;1a9c27a3-ffbd-11e9-8121-e567db16e2c2;12.11.2019;05.11.2019;
20191112144346.zip;ee2ebdde-ffbc-11e9-8121-e567db16e2c2;12.11.2019;17.10.2019;
20191112144346.zip;c854403f-ffbc-11e9-8121-e567db16e2c2;12.11.2019;04.10.2019;
20191112142555.zip;a952d539-ff99-11e9-8121-e567db16e2c2;12.11.2019;25.10.2019;
20191112144346.zip;52f7958a-ffbd-11e9-8121-e567db16e2c2;12.11.2019;04.10.2019;
20191112144346.zip;77b78d95-ff99-11e9-8121-e567db16e2c2;12.11.2019;07.10.2019;
20191112144346.zip;77b78d9d-ff99-11e9-8121-e567db16e2c2;12.11.2019;14.10.2019;
20191112144346.zip;970b05f0-ff99-11e9-8121-e567db16e2c2;12.11.2019;14.10.2019;
20191112144346.zip;5da96055-ff98-11e9-8121-e567db16e2c2;12.11.2019;23.10.2019;
20191112142555.zip;c7a814af-ff98-11e9-8121-e567db16e2c2;12.11.2019;05.11.2019;
20191112142555.zip;2c538113-ff99-11e9-8121-e567db16e2c2;12.11.2019;07.10.2019;
20191112142555.zip;baf5ce63-ff98-11e9-8121-e567db16e2c2;12.11.2019;07.10.2019;
20191112144346.zip;5711e827-ff98-11e9-8121-e567db16e2c2;12.11.2019;09.10.2019;
20191112142555.zip;9d2e1175-ff99-11e9-8121-e567db16e2c2;12.11.2019;14.10.2019;
20191112144346.zip;a3322b12-ff99-11e9-8121-e567db16e2c2;12.11.2019;28.10.2019;
20191112144346.zip;f302e597-ff98-11e9-8121-e567db16e2c2;12.11.2019;24.10.2019;
20191112142555.zip;408e7302-ffbd-11e9-8121-e567db16e2c2;12.11.2019;14.10.2019;
20191112143342.zip;e17664e1-ffbc-11e9-8121-e567db16e2c2;12.11.2019;07.10.2019;
20191112144346.zip;01f36926-ffbd-11e9-8121-e567db16e2c2;12.11.2019;10.10.2019;
20191112142555.zip;20d23e26-ffbd-11e9-8121-e567db16e2c2;12.11.2019;14.10.2019;
20191112144346.zip;d41785ac-ff98-11e9-8121-e567db16e2c2;12.11.2019;23.10.2019;
20191112144346.zip;a952d534-ff99-11e9-8121-e567db16e2c2;12.11.2019;10.10.2019;
20191112144346.zip;44ca42ba-ff99-11e9-8121-e567db16e2c2;12.11.2019;04.10.2019;
20191112144346.zip;0e1cefa1-ffbd-11e9-8121-e567db16e2c2;12.11.2019;11.10.2019;
20191112144346.zip;20d23e29-ffbd-11e9-8121-e567db16e2c2;12.11.2019;07.10.2019;
20191112144346.zip;592687e0-ffbd-11e9-8121-e567db16e2c2;12.11.2019;11.10.2019;
20191112144346.zip;e7fb08c4-ffbc-11e9-8121-e567db16e2c2;12.11.2019;11.10.2019;
20191112144346.zip;384fcd74-ff99-11e9-8121-e567db16e2c2;12.11.2019;07.10.2019;
20191112144346.zip;44ca42b1-ff99-11e9-8121-e567db16e2c2;12.11.2019;25.10.2019;
20191112144346.zip;14804049-ffbd-11e9-8121-e567db16e2c2;12.11.2019;01.11.2019;
20191112142555.zip;2d7eb040-ffbd-11e9-8121-e567db16e2c2;12.11.2019;25.10.2019;
20191112142555.zip;7db8c61f-ff98-11e9-8121-e567db16e2c2;12.11.2019;25.10.2019;
20191112144346.zip;5da9604f-ff98-11e9-8121-e567db16e2c2;12.11.2019;24.10.2019;
20191112142555.zip;e17664e4-ffbc-11e9-8121-e567db16e2c2;12.11.2019;01.11.2019;
20191112144346.zip;70d44c33-ff98-11e9-8121-e567db16e2c2;12.11.2019;14.10.2019;
20191112144346.zip;70d44c32-ff98-11e9-8121-e567db16e2c2;12.11.2019;14.10.2019;
20191112143342.zip;e17664e3-ffbc-11e9-8121-e567db16e2c2;12.11.2019;28.10.2019;
20191112144346.zip;baf5ce65-ff98-11e9-8121-e567db16e2c2;12.11.2019;14.10.2019;
20191112144346.zip;90ef1e9f-ff99-11e9-8121-e567db16e2c2;12.11.2019;11.10.2019;
20191112142555.zip;da3bf0c0-ff98-11e9-8121-e567db16e2c2;12.11.2019;24.10.2019;
20191112142555.zip;70d44c35-ff98-11e9-8121-e567db16e2c2;12.11.2019;21.10.2019;
20191112142555.zip;39f462c6-ffbd-11e9-8121-e567db16e2c2;12.11.2019;05.11.2019;
20191112144346.zip;44ca42bb-ff99-11e9-8121-e567db16e2c2;12.11.2019;11.10.2019;
20191112144346.zip;32579aaf-ff99-11e9-8121-e567db16e2c2;12.11.2019;10.10.2019;
20191112142555.zip;db4e96a3-ffbc-11e9-8121-e567db16e2c2;12.11.2019;11.10.2019;
20191112143342.zip;970b05f3-ff99-11e9-8121-e567db16e2c2;12.11.2019;14.10.2019;
20191112142555.zip;a2c5a30e-ff98-11e9-8121-e567db16e2c2;12.11.2019;21.10.2019;
20191112142555.zip;4450937f-ff98-11e9-8121-e567db16e2c2;12.11.2019;18.10.2019;
20191112142555.zip;261183ba-ff99-11e9-8121-e567db16e2c2;12.11.2019;21.10.2019;
20191112144346.zip;6a93a691-ff98-11e9-8121-e567db16e2c2;12.11.2019;24.10.2019;
20191112144346.zip;a952d530-ff99-11e9-8121-e567db16e2c2;12.11.2019;14.10.2019;
20191112144346.zip;7db8c61d-ff98-11e9-8121-e567db16e2c2;12.11.2019;01.11.2019;
20191112144346.zip;9634a05f-ff98-11e9-8121-e567db16e2c2;12.11.2019;18.10.2019;
20191112142555.zip;4cf5dd3e-ffbd-11e9-8121-e567db16e2c2;12.11.2019;14.10.2019;
20191112142555.zip;7749213c-ff98-11e9-8121-e567db16e2c2;12.11.2019;16.10.2019;
20191112142555.zip;39f462c7-ffbd-11e9-8121-e567db16e2c2;12.11.2019;14.10.2019;
20191112144346.zip;384fcd73-ff99-11e9-8121-e567db16e2c2;12.11.2019;24.10.2019;
20191112144346.zip;c23aba46-ffbc-11e9-8121-e567db16e2c2;12.11.2019;17.10.2019;
20191112142555.zip;9634a06a-ff98-11e9-8121-e567db16e2c2;12.11.2019;28.10.2019;
20191112144346.zip;cdaf33c7-ff98-11e9-8121-e567db16e2c2;12.11.2019;07.10.2019;
20191112142555.zip;e0921a1e-ff98-11e9-8121-e567db16e2c2;12.11.2019;01.11.2019;
20191112142555.zip;845a7a32-ff99-11e9-8121-e567db16e2c2;12.11.2019;09.10.2019;
20191112144346.zip;d4ceb588-ffbc-11e9-8121-e567db16e2c2;12.11.2019;14.10.2019;
20191112144346.zip;af5e12f4-ff99-11e9-8121-e567db16e2c2;12.11.2019;28.10.2019;
20191112142555.zip;44509381-ff98-11e9-8121-e567db16e2c2;12.11.2019;07.10.2019;
20191112143342.zip;080cef24-ffbd-11e9-8121-e567db16e2c2;12.11.2019;28.10.2019;
20191112142555.zip;3e9db1b1-ff99-11e9-8121-e567db16e2c2;12.11.2019;07.10.2019;
20191112144346.zip;ee2ebde1-ffbc-11e9-8121-e567db16e2c2;12.11.2019;25.10.2019;
20191112143342.zip;c8bbd258-0052-11ea-8121-e567db16e2c2;12.11.2019;31.10.2019;
20191112142555.zip;a3322b18-ff99-11e9-8121-e567db16e2c2;12.11.2019;11.10.2019;
20191112142555.zip;aec7fa54-ff98-11e9-8121-e567db16e2c2;12.11.2019;14.10.2019;
20191112144346.zip;5dbf2d33-ff99-11e9-8121-e567db16e2c2;12.11.2019;24.10.2019;
20191112142555.zip;18feb674-ff99-11e9-8121-e567db16e2c2;12.11.2019;14.10.2019;
20191112142555.zip;e7fb08c5-ffbc-11e9-8121-e567db16e2c2;12.11.2019;04.10.2019;
20191112142555.zip;408e72ff-ffbd-11e9-8121-e567db16e2c2;12.11.2019;14.10.2019;
20191112142555.zip;9d2e117e-ff99-11e9-8121-e567db16e2c2;12.11.2019;14.10.2019;
20191112142555.zip;4ac999a0-ff99-11e9-8121-e567db16e2c2;12.11.2019;14.10.2019;
20191112142555.zip;c23aba45-ffbc-11e9-8121-e567db16e2c2;12.11.2019;14.10.2019;
20191112142555.zip;9d2e117d-ff99-11e9-8121-e567db16e2c2;12.11.2019;14.10.2019;
20191112142555.zip;3e9db1b5-ff99-11e9-8121-e567db16e2c2;12.11.2019;04.10.2019;
20191112142555.zip;e0921a24-ff98-11e9-8121-e567db16e2c2;12.11.2019;14.10.2019;
20191112142555.zip;63d3f075-ff99-11e9-8121-e567db16e2c2;12.11.2019;14.10.2019;
20191113150827.zip;14804041-ffbd-11e9-8121-e567db16e2c2;13.11.2019;05.11.2019;
20191113150827.zip;db6539f5-0052-11ea-8121-e567db16e2c2;13.11.2019;31.10.2019;
20191113150827.zip;db6539f7-0052-11ea-8121-e567db16e2c2;13.11.2019;25.10.2019;
20191113150231.zip;e6a0b340-ff98-11e9-8121-e567db16e2c2;13.11.2019;04.10.2019;
20191113150231.zip;20d23e28-ffbd-11e9-8121-e567db16e2c2;13.11.2019;24.10.2019;
20191113150827.zip;274899cb-ffbd-11e9-8121-e567db16e2c2;13.11.2019;01.11.2019;
20191113150231.zip;aea0dcaa-ff93-11e9-8121-e567db16e2c2;13.11.2019;07.10.2019;
20191113150231.zip;d8da208f-ff93-11e9-8121-e567db16e2c2;13.11.2019;07.10.2019;
20191113150231.zip;9d2e1182-ff99-11e9-8121-e567db16e2c2;13.11.2019;09.10.2019;
20191113150231.zip;1a9c27a4-ffbd-11e9-8121-e567db16e2c2;13.11.2019;09.10.2019;
20191113150231.zip;da3bf0b6-ff98-11e9-8121-e567db16e2c2;13.11.2019;10.10.2019;
20191113150231.zip;d8da2077-ff93-11e9-8121-e567db16e2c2;13.11.2019;10.10.2019;
20191113150231.zip;408e7306-ffbd-11e9-8121-e567db16e2c2;13.11.2019;24.10.2019;
20191113150231.zip;408e7308-ffbd-11e9-8121-e567db16e2c2;13.11.2019;14.10.2019;
20191113150231.zip;90ef1e8f-ff99-11e9-8121-e567db16e2c2;13.11.2019;14.10.2019;
20191113150827.zip;b4ae7bd0-ff93-11e9-8121-e567db16e2c2;13.11.2019;23.10.2019;
20191113150827.zip;52f7958c-ffbd-11e9-8121-e567db16e2c2;13.11.2019;28.10.2019;
20191113150231.zip;b4ae7bf1-ff93-11e9-8121-e567db16e2c2;13.11.2019;14.10.2019;
20191113150231.zip;e4e7168e-ff93-11e9-8121-e567db16e2c2;13.11.2019;14.10.2019;
20191113150231.zip;4aa13eb5-ff98-11e9-8121-e567db16e2c2;13.11.2019;14.10.2019;
20191113150231.zip;18feb676-ff99-11e9-8121-e567db16e2c2;13.11.2019;16.10.2019;
20191113150827.zip;e1a998b8-0052-11ea-8121-e567db16e2c2;13.11.2019;01.11.2019;
20191113150231.zip;bc298f4e-0052-11ea-8121-e567db16e2c2;13.11.2019;21.10.2019;
20191113150827.zip;d8da207b-ff93-11e9-8121-e567db16e2c2;13.11.2019;11.10.2019;
20191113150231.zip;83f9e0e7-ff98-11e9-8121-e567db16e2c2;13.11.2019;24.10.2019;
20191113150231.zip;39f462c9-ffbd-11e9-8121-e567db16e2c2;13.11.2019;24.10.2019;
20191113150231.zip;20d23e1f-ffbd-11e9-8121-e567db16e2c2;13.11.2019;03.10.2019;
20191113150231.zip;d501e953-0052-11ea-8121-e567db16e2c2;13.11.2019;30.10.2019;
20191113150231.zip;e7edf771-0052-11ea-8121-e567db16e2c2;13.11.2019;31.10.2019;
20191113150231.zip;db6539f0-0052-11ea-8121-e567db16e2c2;13.11.2019;05.11.2019;
20191113150231.zip;f489bff1-0052-11ea-8121-e567db16e2c2;13.11.2019;05.11.2019;
20191113150231.zip;c0ce7cdd-ff93-11e9-8121-e567db16e2c2;13.11.2019;10.10.2019;
20191113150231.zip;b125fd6e-ee53-11e9-8121-e567db16e2c2;13.11.2019;16.10.2019;
20191113150231.zip;bc298f53-0052-11ea-8121-e567db16e2c2;13.11.2019;05.11.2019;
20191113150231.zip;2d7eb046-ffbd-11e9-8121-e567db16e2c2;13.11.2019;05.11.2019;
20191113150231.zip;fe3fdf7a-0061-11ea-8121-e567db16e2c2;13.11.2019;07.11.2019;
20191113150827.zip;babc1af3-ff93-11e9-8121-e567db16e2c2;13.11.2019;04.10.2019;
20191113150827.zip;ece5ecbe-ff98-11e9-8121-e567db16e2c2;13.11.2019;07.10.2019;
20191113150231.zip;a8a185df-ff93-11e9-8121-e567db16e2c2;13.11.2019;03.10.2019;
20191113150231.zip;aea0dc9b-ff93-11e9-8121-e567db16e2c2;13.11.2019;07.10.2019;
20191113150231.zip;b4ae7bb1-ff93-11e9-8121-e567db16e2c2;13.11.2019;07.10.2019;
20191113150827.zip;cccac93f-ff93-11e9-8121-e567db16e2c2;13.11.2019;07.10.2019;
20191113150827.zip;8ff07858-ff98-11e9-8121-e567db16e2c2;13.11.2019;09.10.2019;
20191113150231.zip;b4ae7bbf-ff93-11e9-8121-e567db16e2c2;13.11.2019;16.10.2019;
20191113150231.zip;cccac932-ff93-11e9-8121-e567db16e2c2;13.11.2019;14.10.2019;
20191113150827.zip;cccac92d-ff93-11e9-8121-e567db16e2c2;13.11.2019;07.10.2019;
20191113150231.zip;cccac93b-ff93-11e9-8121-e567db16e2c2;13.11.2019;17.10.2019;
20191113150231.zip;babc1acf-ff93-11e9-8121-e567db16e2c2;13.11.2019;09.10.2019;
20191113150231.zip;cccac93e-ff93-11e9-8121-e567db16e2c2;13.11.2019;21.10.2019;
20191113150231.zip;babc1aef-ff93-11e9-8121-e567db16e2c2;13.11.2019;04.10.2019;
20191113150231.zip;c6c6af8d-ff93-11e9-8121-e567db16e2c2;13.11.2019;14.10.2019;
20191113150231.zip;cccac926-ff93-11e9-8121-e567db16e2c2;13.11.2019;04.10.2019;
20191113150231.zip;d2df8c5c-ff93-11e9-8121-e567db16e2c2;13.11.2019;25.10.2019;
20191113150827.zip;cccac944-ff93-11e9-8121-e567db16e2c2;13.11.2019;10.10.2019;
20191113150231.zip;cccac92f-ff93-11e9-8121-e567db16e2c2;13.11.2019;10.10.2019;
20191113150827.zip;d2df8c64-ff93-11e9-8121-e567db16e2c2;13.11.2019;14.10.2019;
20191113150827.zip;d8da208e-ff93-11e9-8121-e567db16e2c2;13.11.2019;11.10.2019;
20191113150827.zip;d2df8c63-ff93-11e9-8121-e567db16e2c2;13.11.2019;11.10.2019;
20191113150231.zip;d2df8c50-ff93-11e9-8121-e567db16e2c2;13.11.2019;25.10.2019;
20191113150231.zip;d2df8c5b-ff93-11e9-8121-e567db16e2c2;13.11.2019;17.10.2019;
20191113150231.zip;d2df8c60-ff93-11e9-8121-e567db16e2c2;13.11.2019;24.10.2019;
20191113150231.zip;d2df8c6f-ff93-11e9-8121-e567db16e2c2;13.11.2019;21.10.2019;
20191113150827.zip;d8da2070-ff93-11e9-8121-e567db16e2c2;13.11.2019;10.10.2019;
20191113150231.zip;b4ae7bbd-ff93-11e9-8121-e567db16e2c2;13.11.2019;14.10.2019;
20191113150231.zip;dede3a34-ff93-11e9-8121-e567db16e2c2;13.11.2019;11.10.2019;
20191113150827.zip;d8da2079-ff93-11e9-8121-e567db16e2c2;13.11.2019;07.10.2019;
20191113150231.zip;cec97176-0052-11ea-8121-e567db16e2c2;13.11.2019;11.10.2019;
20191113150231.zip;d2df8c83-ff93-11e9-8121-e567db16e2c2;13.11.2019;07.10.2019;
20191113150231.zip;d8da206e-ff93-11e9-8121-e567db16e2c2;13.11.2019;28.10.2019;
20191113150231.zip;d8da2072-ff93-11e9-8121-e567db16e2c2;13.11.2019;21.10.2019;
20191113150231.zip;dede3a0f-ff93-11e9-8121-e567db16e2c2;13.11.2019;21.10.2019;
20191113150231.zip;dede3a33-ff93-11e9-8121-e567db16e2c2;13.11.2019;10.10.2019;
20191113150231.zip;dede3a36-ff93-11e9-8121-e567db16e2c2;13.11.2019;07.10.2019;
20191113150827.zip;b4ae7be6-ff93-11e9-8121-e567db16e2c2;13.11.2019;14.10.2019;
20191113150231.zip;e4e71689-ff93-11e9-8121-e567db16e2c2;13.11.2019;07.10.2019;
20191113150827.zip;d8da206f-ff93-11e9-8121-e567db16e2c2;13.11.2019;14.10.2019;
20191113150231.zip;d8da2094-ff93-11e9-8121-e567db16e2c2;13.11.2019;16.10.2019;
20191113150827.zip;dede3a1c-ff93-11e9-8121-e567db16e2c2;13.11.2019;07.10.2019;
20191113150231.zip;d8da209c-ff93-11e9-8121-e567db16e2c2;13.11.2019;04.10.2019;
20191113150827.zip;d8da20a1-ff93-11e9-8121-e567db16e2c2;13.11.2019;21.10.2019;
20191113150231.zip;eaf9784f-ff93-11e9-8121-e567db16e2c2;13.11.2019;23.10.2019;
20191113150231.zip;eaf9785f-ff93-11e9-8121-e567db16e2c2;13.11.2019;28.10.2019;
20191113150827.zip;d2df8c6d-ff93-11e9-8121-e567db16e2c2;13.11.2019;14.10.2019;
20191113150231.zip;c6c6af72-ff93-11e9-8121-e567db16e2c2;13.11.2019;14.10.2019;
20191113150231.zip;44509388-ff98-11e9-8121-e567db16e2c2;13.11.2019;14.10.2019;
20191113150827.zip;dede3a2c-ff93-11e9-8121-e567db16e2c2;13.11.2019;21.10.2019;
20191113150827.zip;51210355-ff99-11e9-8121-e567db16e2c2;13.11.2019;14.10.2019;
20191113150231.zip;dede3a32-ff93-11e9-8121-e567db16e2c2;13.11.2019;28.10.2019;
20191113150231.zip;8ff0784e-ff98-11e9-8121-e567db16e2c2;13.11.2019;01.11.2019;
20191113150827.zip;d2df8c59-ff93-11e9-8121-e567db16e2c2;13.11.2019;16.10.2019;
20191113150231.zip;dede3a37-ff93-11e9-8121-e567db16e2c2;13.11.2019;07.10.2019;
20191113150231.zip;8ff07861-ff98-11e9-8121-e567db16e2c2;13.11.2019;01.11.2019;
20191113150827.zip;dede3a35-ff93-11e9-8121-e567db16e2c2;13.11.2019;21.10.2019;
20191113150231.zip;d2df8c66-ff93-11e9-8121-e567db16e2c2;13.11.2019;16.10.2019;
20191113150231.zip;baf5ce64-ff98-11e9-8121-e567db16e2c2;13.11.2019;01.11.2019;
20191113150231.zip;e4e71673-ff93-11e9-8121-e567db16e2c2;13.11.2019;31.10.2019;
20191113150231.zip;e4e71677-ff93-11e9-8121-e567db16e2c2;13.11.2019;21.10.2019;
20191113150827.zip;e4e71681-ff93-11e9-8121-e567db16e2c2;13.11.2019;16.10.2019;
20191113150231.zip;bc298f57-0052-11ea-8121-e567db16e2c2;13.11.2019;16.10.2019;
20191113150231.zip;64231753-ff98-11e9-8121-e567db16e2c2;13.11.2019;16.10.2019;
20191113150231.zip;a9176b2e-0052-11ea-8121-e567db16e2c2;13.11.2019;25.10.2019;
20191113150827.zip;e4e7167e-ff93-11e9-8121-e567db16e2c2;13.11.2019;21.10.2019;
20191113150231.zip;e4e7167d-ff93-11e9-8121-e567db16e2c2;13.11.2019;16.10.2019;
20191113150231.zip;da3bf0b8-ff98-11e9-8121-e567db16e2c2;13.11.2019;25.10.2019;
20191113150231.zip;e0921a30-ff98-11e9-8121-e567db16e2c2;13.11.2019;01.11.2019;
20191113150827.zip;e4e7168b-ff93-11e9-8121-e567db16e2c2;13.11.2019;23.10.2019;
20191113150231.zip;ece5ecc6-ff98-11e9-8121-e567db16e2c2;13.11.2019;04.10.2019;
20191113150827.zip;e4e71683-ff93-11e9-8121-e567db16e2c2;13.11.2019;17.10.2019;
20191113150827.zip;e4e71686-ff93-11e9-8121-e567db16e2c2;13.11.2019;31.10.2019;
20191113150231.zip;e4e7168d-ff93-11e9-8121-e567db16e2c2;13.11.2019;01.11.2019;
20191113150827.zip;eaf97852-ff93-11e9-8121-e567db16e2c2;13.11.2019;16.10.2019;
20191113150231.zip;e4e7168f-ff93-11e9-8121-e567db16e2c2;13.11.2019;21.10.2019;
20191113150827.zip;e4e71694-ff93-11e9-8121-e567db16e2c2;13.11.2019;11.10.2019;
20191113150827.zip;eaf97850-ff93-11e9-8121-e567db16e2c2;13.11.2019;16.10.2019;
20191113150231.zip;cccac943-ff93-11e9-8121-e567db16e2c2;13.11.2019;17.10.2019;
20191113150231.zip;eaf97853-ff93-11e9-8121-e567db16e2c2;13.11.2019;14.10.2019;
20191113150231.zip;eaf97854-ff93-11e9-8121-e567db16e2c2;13.11.2019;16.10.2019;
20191113150231.zip;e4e7167a-ff93-11e9-8121-e567db16e2c2;13.11.2019;17.10.2019;
20191113150231.zip;eaf97863-ff93-11e9-8121-e567db16e2c2;13.11.2019;25.10.2019;
20191113150231.zip;a9176b36-0052-11ea-8121-e567db16e2c2;13.11.2019;21.10.2019;
20191113150827.zip;eaf97864-ff93-11e9-8121-e567db16e2c2;13.11.2019;14.10.2019;
20191113150827.zip;c6c6afa5-ff93-11e9-8121-e567db16e2c2;13.11.2019;17.10.2019;
20191113150827.zip;5711e829-ff98-11e9-8121-e567db16e2c2;13.11.2019;14.10.2019;
20191113150231.zip;056c0818-ff99-11e9-8121-e567db16e2c2;13.11.2019;04.10.2019;
20191113150231.zip;18feb67e-ff99-11e9-8121-e567db16e2c2;13.11.2019;01.11.2019;
20191113150827.zip;c8544047-ffbc-11e9-8121-e567db16e2c2;13.11.2019;14.10.2019;
20191113150231.zip;c23aba3f-ffbc-11e9-8121-e567db16e2c2;13.11.2019;17.10.2019;
20191113150827.zip;dede3a2d-ff93-11e9-8121-e567db16e2c2;13.11.2019;17.10.2019;
20191113150827.zip;dede3a21-ff93-11e9-8121-e567db16e2c2;13.11.2019;18.10.2019;
20191113150231.zip;5dbf2d32-ff99-11e9-8121-e567db16e2c2;13.11.2019;25.10.2019;
20191113150827.zip;e4e71675-ff93-11e9-8121-e567db16e2c2;13.11.2019;18.10.2019;
20191113150231.zip;77b78d97-ff99-11e9-8121-e567db16e2c2;13.11.2019;01.11.2019;
20191113150231.zip;9d2e1178-ff99-11e9-8121-e567db16e2c2;13.11.2019;16.10.2019;
20191113150231.zip;ce80d141-ffbc-11e9-8121-e567db16e2c2;13.11.2019;25.10.2019;
20191113150231.zip;d4ceb581-ffbc-11e9-8121-e567db16e2c2;13.11.2019;17.10.2019;
20191113150827.zip;c23e5298-0052-11ea-8121-e567db16e2c2;13.11.2019;21.10.2019;
20191113150231.zip;a8bd31c6-ff98-11e9-8121-e567db16e2c2;13.11.2019;21.10.2019;
20191113150231.zip;4ac99999-ff99-11e9-8121-e567db16e2c2;13.11.2019;21.10.2019;
20191113150827.zip;ee5f9059-0052-11ea-8121-e567db16e2c2;13.11.2019;28.10.2019;
20191113150827.zip;bc298f4f-0052-11ea-8121-e567db16e2c2;13.11.2019;21.10.2019;
20191113150231.zip;d4ceb582-ffbc-11e9-8121-e567db16e2c2;13.11.2019;05.11.2019;
20191113150231.zip;db4e96a0-ffbc-11e9-8121-e567db16e2c2;13.11.2019;05.11.2019;
20191113150827.zip;e0921a20-ff98-11e9-8121-e567db16e2c2;13.11.2019;18.10.2019;
20191113150827.zip;b5b59516-0052-11ea-8121-e567db16e2c2;13.11.2019;28.10.2019;
20191113150231.zip;e7fb08c0-ffbc-11e9-8121-e567db16e2c2;13.11.2019;05.11.2019;
20191113150231.zip;e7fb08c3-ffbc-11e9-8121-e567db16e2c2;13.11.2019;05.11.2019;
20191113150231.zip;01f36929-ffbd-11e9-8121-e567db16e2c2;13.11.2019;07.11.2019;
20191113150231.zip;0bc11079-ff99-11e9-8121-e567db16e2c2;13.11.2019;21.10.2019;
20191113150231.zip;14804043-ffbd-11e9-8121-e567db16e2c2;13.11.2019;28.10.2019;
20191113150231.zip;1a9c27a1-ffbd-11e9-8121-e567db16e2c2;13.11.2019;01.11.2019;
20191113150231.zip;1a9c27a8-ffbd-11e9-8121-e567db16e2c2;13.11.2019;31.10.2019;
20191113150231.zip;bc298f52-0052-11ea-8121-e567db16e2c2;13.11.2019;21.10.2019;
20191113150231.zip;408e7303-ffbd-11e9-8121-e567db16e2c2;13.11.2019;05.11.2019;
20191113150827.zip;a8a185ca-ff93-11e9-8121-e567db16e2c2;13.11.2019;17.10.2019;
20191113150827.zip;c8544048-ffbc-11e9-8121-e567db16e2c2;13.11.2019;21.10.2019;
20191113150231.zip;4cf5dd43-ffbd-11e9-8121-e567db16e2c2;13.11.2019;21.10.2019;
20191113150231.zip;d2df8c5d-ff93-11e9-8121-e567db16e2c2;13.11.2019;24.10.2019;
20191113150231.zip;a9176b30-0052-11ea-8121-e567db16e2c2;13.11.2019;25.10.2019;
20191113150827.zip;123c2ed2-ff99-11e9-8121-e567db16e2c2;13.11.2019;16.10.2019;
20191113150231.zip;a9176b32-0052-11ea-8121-e567db16e2c2;13.11.2019;18.10.2019;
20191113150827.zip;dede3a2f-ff93-11e9-8121-e567db16e2c2;13.11.2019;24.10.2019;
20191113150827.zip;123c2edd-ff99-11e9-8121-e567db16e2c2;13.11.2019;17.10.2019;
20191113150231.zip;8ff0785a-ff98-11e9-8121-e567db16e2c2;13.11.2019;24.10.2019;
20191113150827.zip;c0ce7cda-ff93-11e9-8121-e567db16e2c2;13.11.2019;24.10.2019;
20191113150231.zip;44ca42b5-ff99-11e9-8121-e567db16e2c2;13.11.2019;25.10.2019;
20191113150231.zip;a9176b34-0052-11ea-8121-e567db16e2c2;13.11.2019;04.10.2019;
20191113150827.zip;b4ae7bcc-ff93-11e9-8121-e567db16e2c2;13.11.2019;07.10.2019;
20191113150231.zip;a9176b38-0052-11ea-8121-e567db16e2c2;13.11.2019;28.10.2019;
20191113150827.zip;a8a185d8-ff93-11e9-8121-e567db16e2c2;13.11.2019;14.10.2019;
20191113150827.zip;babc1afe-ff93-11e9-8121-e567db16e2c2;13.11.2019;07.10.2019;
20191113150827.zip;d2df8c85-ff93-11e9-8121-e567db16e2c2;13.11.2019;10.10.2019;
20191113150231.zip;a9176b3a-0052-11ea-8121-e567db16e2c2;13.11.2019;21.10.2019;
20191113150827.zip;d8da2078-ff93-11e9-8121-e567db16e2c2;13.11.2019;09.10.2019;
20191113150231.zip;af6c738e-0052-11ea-8121-e567db16e2c2;13.11.2019;30.10.2019;
20191113150827.zip;d8da2085-ff93-11e9-8121-e567db16e2c2;13.11.2019;04.10.2019;
20191113150827.zip;d8da2087-ff93-11e9-8121-e567db16e2c2;13.11.2019;07.10.2019;
20191113150231.zip;af6c7390-0052-11ea-8121-e567db16e2c2;13.11.2019;18.10.2019;
20191113150827.zip;e4e71671-ff93-11e9-8121-e567db16e2c2;13.11.2019;18.10.2019;
20191113150827.zip;e4e71682-ff93-11e9-8121-e567db16e2c2;13.11.2019;21.10.2019;
20191113150827.zip;e4e7168c-ff93-11e9-8121-e567db16e2c2;13.11.2019;14.10.2019;
20191113150231.zip;af6c7394-0052-11ea-8121-e567db16e2c2;13.11.2019;21.10.2019;
20191113150827.zip;fe3fdf6e-0061-11ea-8121-e567db16e2c2;13.11.2019;21.10.2019;
20191113150231.zip;af6c7396-0052-11ea-8121-e567db16e2c2;13.11.2019;30.10.2019;
20191113150827.zip;4aa13ebc-ff98-11e9-8121-e567db16e2c2;13.11.2019;05.11.2019;
20191113150827.zip;70d44c3e-ff98-11e9-8121-e567db16e2c2;13.11.2019;07.10.2019;
20191113150231.zip;af6c7398-0052-11ea-8121-e567db16e2c2;13.11.2019;30.10.2019;
20191113150231.zip;b5b5950f-0052-11ea-8121-e567db16e2c2;13.11.2019;05.11.2019;
20191113150827.zip;123c2ed3-ff99-11e9-8121-e567db16e2c2;13.11.2019;24.10.2019;
20191113150827.zip;5dbf2d3e-ff99-11e9-8121-e567db16e2c2;13.11.2019;11.10.2019;
20191113150231.zip;b5b59511-0052-11ea-8121-e567db16e2c2;13.11.2019;05.11.2019;
20191113150827.zip;90ef1e9e-ff99-11e9-8121-e567db16e2c2;13.11.2019;14.10.2019;
20191113150231.zip;b5b59512-0052-11ea-8121-e567db16e2c2;13.11.2019;05.11.2019;
20191113150231.zip;b5b59517-0052-11ea-8121-e567db16e2c2;13.11.2019;25.10.2019;
20191113150827.zip;d4ceb584-ffbc-11e9-8121-e567db16e2c2;13.11.2019;21.10.2019;
20191113150231.zip;b5b59519-0052-11ea-8121-e567db16e2c2;13.11.2019;05.11.2019;
20191113150827.zip;f56f6e68-ffbc-11e9-8121-e567db16e2c2;13.11.2019;28.10.2019;
20191113150827.zip;39f462c8-ffbd-11e9-8121-e567db16e2c2;13.11.2019;17.10.2019;
20191113150827.zip;2d7eb049-ffbd-11e9-8121-e567db16e2c2;13.11.2019;01.11.2019;
20191113150827.zip;af6c738f-0052-11ea-8121-e567db16e2c2;13.11.2019;28.10.2019;
20191113150231.zip;bc298f54-0052-11ea-8121-e567db16e2c2;13.11.2019;07.11.2019;
20191113150827.zip;af6c7393-0052-11ea-8121-e567db16e2c2;13.11.2019;21.10.2019;
20191113150827.zip;af6c7395-0052-11ea-8121-e567db16e2c2;13.11.2019;31.10.2019;
20191113150827.zip;b5b59514-0052-11ea-8121-e567db16e2c2;13.11.2019;28.10.2019;
20191113150827.zip;c23e5297-0052-11ea-8121-e567db16e2c2;13.11.2019;21.10.2019;
20191113150231.zip;c23e5290-0052-11ea-8121-e567db16e2c2;13.11.2019;07.11.2019;
20191113150231.zip;c23e5291-0052-11ea-8121-e567db16e2c2;13.11.2019;25.10.2019;
20191113150231.zip;c23e5299-0052-11ea-8121-e567db16e2c2;13.11.2019;05.11.2019;
20191113150231.zip;c8bbd24e-0052-11ea-8121-e567db16e2c2;13.11.2019;21.10.2019;
20191113150231.zip;c8bbd253-0052-11ea-8121-e567db16e2c2;13.11.2019;07.11.2019;
20191113150231.zip;cec97170-0052-11ea-8121-e567db16e2c2;13.11.2019;14.10.2019;
20191113150827.zip;e4e7168a-ff93-11e9-8121-e567db16e2c2;13.11.2019;31.10.2019;
20191113150231.zip;cec97174-0052-11ea-8121-e567db16e2c2;13.11.2019;11.10.2019;
20191113150827.zip;9d2e1173-ff99-11e9-8121-e567db16e2c2;13.11.2019;24.10.2019;
20191113150827.zip;c8bbd24f-0052-11ea-8121-e567db16e2c2;13.11.2019;25.10.2019;
20191113150827.zip;c8bbd252-0052-11ea-8121-e567db16e2c2;13.11.2019;01.11.2019;
20191113150827.zip;c8bbd256-0052-11ea-8121-e567db16e2c2;13.11.2019;28.10.2019;
20191113150827.zip;c8bbd259-0052-11ea-8121-e567db16e2c2;13.11.2019;21.10.2019;
20191113150231.zip;e4e7167c-ff93-11e9-8121-e567db16e2c2;13.11.2019;31.10.2019;
20191113150231.zip;cec97178-0052-11ea-8121-e567db16e2c2;13.11.2019;24.10.2019;
20191113150827.zip;c8bbd257-0052-11ea-8121-e567db16e2c2;13.11.2019;01.11.2019;
20191113150827.zip;cec97171-0052-11ea-8121-e567db16e2c2;13.11.2019;21.10.2019;
20191113150827.zip;cec97172-0052-11ea-8121-e567db16e2c2;13.11.2019;23.10.2019;
20191113150827.zip;d501e94f-0052-11ea-8121-e567db16e2c2;13.11.2019;28.10.2019;
20191113150231.zip;cec9717b-0052-11ea-8121-e567db16e2c2;13.11.2019;25.10.2019;
20191113150827.zip;db6539ee-0052-11ea-8121-e567db16e2c2;13.11.2019;23.10.2019;
20191113150231.zip;d501e952-0052-11ea-8121-e567db16e2c2;13.11.2019;05.11.2019;
20191113150827.zip;e1a998b2-0052-11ea-8121-e567db16e2c2;13.11.2019;31.10.2019;
20191113150827.zip;e1a998b5-0052-11ea-8121-e567db16e2c2;13.11.2019;28.10.2019;
20191113150231.zip;d501e955-0052-11ea-8121-e567db16e2c2;13.11.2019;31.10.2019;
20191113150827.zip;ee5f905a-0052-11ea-8121-e567db16e2c2;13.11.2019;07.11.2019;
20191113150827.zip;f489bff3-0052-11ea-8121-e567db16e2c2;13.11.2019;24.10.2019;
20191113150827.zip;fe3fdf6f-0061-11ea-8121-e567db16e2c2;13.11.2019;25.10.2019;
20191113150231.zip;d501e957-0052-11ea-8121-e567db16e2c2;13.11.2019;28.10.2019;
20191113150231.zip;c7a814b5-ff98-11e9-8121-e567db16e2c2;13.11.2019;05.11.2019;
20191113150231.zip;845a7a3b-ff99-11e9-8121-e567db16e2c2;13.11.2019;05.11.2019;
20191113150231.zip;d501e958-0052-11ea-8121-e567db16e2c2;13.11.2019;01.11.2019;
20191113150231.zip;d501e95a-0052-11ea-8121-e567db16e2c2;13.11.2019;25.10.2019;
20191113150827.zip;a9176b2f-0052-11ea-8121-e567db16e2c2;13.11.2019;05.11.2019;
20191113150231.zip;db6539ef-0052-11ea-8121-e567db16e2c2;13.11.2019;28.10.2019;
20191113150827.zip;fe3fdf79-0061-11ea-8121-e567db16e2c2;13.11.2019;07.11.2019;
20191113150231.zip;db6539f1-0052-11ea-8121-e567db16e2c2;13.11.2019;31.10.2019;
20191113150231.zip;db6539f2-0052-11ea-8121-e567db16e2c2;13.11.2019;07.11.2019;
20191113150231.zip;db6539f3-0052-11ea-8121-e567db16e2c2;13.11.2019;05.11.2019;
20191113150231.zip;dede3a38-ff93-11e9-8121-e567db16e2c2;13.11.2019;07.10.2019;
20191113150231.zip;e1a998af-0052-11ea-8121-e567db16e2c2;13.11.2019;28.10.2019;
20191113150231.zip;e1a998b1-0052-11ea-8121-e567db16e2c2;13.11.2019;23.10.2019;
20191113150231.zip;e1a998b6-0052-11ea-8121-e567db16e2c2;13.11.2019;03.10.2019;
20191113150827.zip;c8bbd251-0052-11ea-8121-e567db16e2c2;13.11.2019;25.10.2019;
20191113150231.zip;e7edf76e-0052-11ea-8121-e567db16e2c2;13.11.2019;28.10.2019;
20191113150231.zip;e7edf772-0052-11ea-8121-e567db16e2c2;13.11.2019;25.10.2019;
20191113150827.zip;ee5f9051-0052-11ea-8121-e567db16e2c2;13.11.2019;28.10.2019;
20191113150231.zip;a2c5a313-ff98-11e9-8121-e567db16e2c2;13.11.2019;16.10.2019;
20191113150827.zip;ee5f9055-0052-11ea-8121-e567db16e2c2;13.11.2019;31.10.2019;
20191113150827.zip;aea0dcb8-ff93-11e9-8121-e567db16e2c2;13.11.2019;14.10.2019;
20191113150231.zip;e7edf773-0052-11ea-8121-e567db16e2c2;13.11.2019;18.10.2019;
20191113150231.zip;aea0dcc3-ff93-11e9-8121-e567db16e2c2;13.11.2019;07.10.2019;
20191113150827.zip;32579ab2-ff99-11e9-8121-e567db16e2c2;13.11.2019;01.11.2019;
20191113150231.zip;89f8e9a4-ff98-11e9-8121-e567db16e2c2;13.11.2019;05.11.2019;
20191113150827.zip;e1a998ae-0052-11ea-8121-e567db16e2c2;13.11.2019;05.11.2019;
20191113150827.zip;c23e5294-0052-11ea-8121-e567db16e2c2;13.11.2019;05.11.2019;
20191113150827.zip;cec97173-0052-11ea-8121-e567db16e2c2;13.11.2019;28.10.2019;
20191113150231.zip;d4ceb587-ffbc-11e9-8121-e567db16e2c2;13.11.2019;23.10.2019;
20191113150827.zip;2d7eb042-ffbd-11e9-8121-e567db16e2c2;13.11.2019;05.11.2019;
20191113150231.zip;e7edf776-0052-11ea-8121-e567db16e2c2;13.11.2019;23.10.2019;
20191113150827.zip;b4ae7bcb-ff93-11e9-8121-e567db16e2c2;13.11.2019;23.10.2019;
20191113150231.zip;e7edf778-0052-11ea-8121-e567db16e2c2;13.11.2019;23.10.2019;
20191113150231.zip;ee5f9053-0052-11ea-8121-e567db16e2c2;13.11.2019;14.10.2019;
20191113150231.zip;ee5f9057-0052-11ea-8121-e567db16e2c2;13.11.2019;05.11.2019;
20191113150231.zip;ee5f9058-0052-11ea-8121-e567db16e2c2;13.11.2019;24.10.2019;
20191113150827.zip;e17664e9-ffbc-11e9-8121-e567db16e2c2;13.11.2019;31.10.2019;
20191113150231.zip;f489bff2-0052-11ea-8121-e567db16e2c2;13.11.2019;28.10.2019;
20191113150231.zip;5799c04e-ff99-11e9-8121-e567db16e2c2;13.11.2019;03.10.2019;
20191113150231.zip;f489bff8-0052-11ea-8121-e567db16e2c2;13.11.2019;04.10.2019;
20191113150231.zip;faa0e48e-0052-11ea-8121-e567db16e2c2;13.11.2019;05.11.2019;
20191113150827.zip;d501e959-0052-11ea-8121-e567db16e2c2;13.11.2019;21.10.2019;
20191113150827.zip;fe3fdf77-0061-11ea-8121-e567db16e2c2;13.11.2019;07.11.2019;
20191113150231.zip;faa0e491-0052-11ea-8121-e567db16e2c2;13.11.2019;18.10.2019;
20191113150231.zip;fe3fdf7b-0061-11ea-8121-e567db16e2c2;13.11.2019;07.11.2019;
20191113150231.zip;e0921a2c-ff98-11e9-8121-e567db16e2c2;13.11.2019;04.10.2019;
20191113150231.zip;fe3fdf7c-0061-11ea-8121-e567db16e2c2;13.11.2019;07.11.2019;
20191113150231.zip;0494e7ce-0062-11ea-8121-e567db16e2c2;13.11.2019;07.11.2019;
20191113150231.zip;dede3a20-ff93-11e9-8121-e567db16e2c2;13.11.2019;04.10.2019;
20191113150231.zip;cccac941-ff93-11e9-8121-e567db16e2c2;13.11.2019;04.10.2019;
20191113150827.zip;ee5f904e-0052-11ea-8121-e567db16e2c2;13.11.2019;28.10.2019;
20191113150231.zip;ee5f9052-0052-11ea-8121-e567db16e2c2;13.11.2019;05.11.2019;
20191113150827.zip;fe3fdf78-0061-11ea-8121-e567db16e2c2;13.11.2019;07.11.2019;
20191113150231.zip;faa0e48f-0052-11ea-8121-e567db16e2c2;13.11.2019;28.10.2019;
20191113150827.zip;f489bff5-0052-11ea-8121-e567db16e2c2;13.11.2019;05.11.2019;
20191113150231.zip;faa0e492-0052-11ea-8121-e567db16e2c2;13.11.2019;21.10.2019;
20191113150231.zip;a9176b37-0052-11ea-8121-e567db16e2c2;13.11.2019;23.10.2019;
20191113150231.zip;c23e5295-0052-11ea-8121-e567db16e2c2;13.11.2019;18.10.2019;
20191113150231.zip;cec97175-0052-11ea-8121-e567db16e2c2;13.11.2019;21.10.2019;
20191113150231.zip;a9176b3b-0052-11ea-8121-e567db16e2c2;13.11.2019;21.10.2019;
20191113150231.zip;d501e956-0052-11ea-8121-e567db16e2c2;13.11.2019;21.10.2019;
20191113150231.zip;c23aba3e-ffbc-11e9-8121-e567db16e2c2;13.11.2019;21.10.2019;
20191113150231.zip;a9176b39-0052-11ea-8121-e567db16e2c2;13.11.2019;23.10.2019;
20191113150231.zip;e7edf76f-0052-11ea-8121-e567db16e2c2;13.11.2019;24.10.2019;
20191113150231.zip;faa0e490-0052-11ea-8121-e567db16e2c2;13.11.2019;23.10.2019;
20191113150231.zip;e7edf770-0052-11ea-8121-e567db16e2c2;13.11.2019;16.10.2019;
20191113150231.zip;db6539f6-0052-11ea-8121-e567db16e2c2;13.11.2019;23.10.2019;
20191113150231.zip;e1a998b3-0052-11ea-8121-e567db16e2c2;13.11.2019;23.10.2019;
20191113150231.zip;f489bff9-0052-11ea-8121-e567db16e2c2;13.11.2019;05.11.2019;
20191113150827.zip;cec9716e-0052-11ea-8121-e567db16e2c2;13.11.2019;05.11.2019;
20191113150231.zip;babc1af1-ff93-11e9-8121-e567db16e2c2;13.11.2019;23.10.2019;
20191113150231.zip;babc1af4-ff93-11e9-8121-e567db16e2c2;13.11.2019;14.10.2019;
20191113150231.zip;babc1afa-ff93-11e9-8121-e567db16e2c2;13.11.2019;11.10.2019;
20191114190656.zip;408e7305-ffbd-11e9-8121-e567db16e2c2;14.11.2019;14.10.2019;
20191114191531.zip;b4e4c444-ff98-11e9-8121-e567db16e2c2;14.11.2019;01.11.2019;
20191114190656.zip;4cf5dd4a-ffbd-11e9-8121-e567db16e2c2;14.11.2019;24.10.2019;
20191114191531.zip;e4e7166e-ff93-11e9-8121-e567db16e2c2;14.11.2019;30.10.2019;
20191114190658.zip;bc298f59-0052-11ea-8121-e567db16e2c2;14.11.2019;05.11.2019;
20191114190656.zip;b5b59513-0052-11ea-8121-e567db16e2c2;14.11.2019;28.10.2019;
20191114190656.zip;384fcd83-ff99-11e9-8121-e567db16e2c2;14.11.2019;14.10.2019;
20191114190656.zip;408e7304-ffbd-11e9-8121-e567db16e2c2;14.11.2019;04.10.2019;
20191114191531.zip;e4e71684-ff93-11e9-8121-e567db16e2c2;14.11.2019;28.10.2019;
20191114191531.zip;fe3fdf70-0061-11ea-8121-e567db16e2c2;14.11.2019;31.10.2019;
20191114191531.zip;c23aba40-ffbc-11e9-8121-e567db16e2c2;14.11.2019;05.11.2019;
20191114190656.zip;9634a06d-ff98-11e9-8121-e567db16e2c2;14.11.2019;28.10.2019;
20191114190656.zip;7e0ef756-ff99-11e9-8121-e567db16e2c2;14.11.2019;04.10.2019;
20191114190656.zip;cccac929-ff93-11e9-8121-e567db16e2c2;14.11.2019;09.10.2019;
20191114190658.zip;e7edf779-0052-11ea-8121-e567db16e2c2;14.11.2019;05.11.2019;
20191114190656.zip;74e7d82e-ff95-11e9-8121-e567db16e2c2;14.11.2019;14.10.2019;
20191114190658.zip;4cf5dd46-ffbd-11e9-8121-e567db16e2c2;14.11.2019;05.11.2019;
20191114190656.zip;70d44c38-ff98-11e9-8121-e567db16e2c2;14.11.2019;04.10.2019;
20191114190658.zip;c23aba42-ffbc-11e9-8121-e567db16e2c2;14.11.2019;07.10.2019;
20191114190658.zip;63d3f071-ff99-11e9-8121-e567db16e2c2;14.11.2019;10.10.2019;
20191114191531.zip;eaf9784e-ff93-11e9-8121-e567db16e2c2;14.11.2019;01.11.2019;
20191114190658.zip;18feb67c-ff99-11e9-8121-e567db16e2c2;14.11.2019;24.10.2019;
20191114191531.zip;e4e71679-ff93-11e9-8121-e567db16e2c2;14.11.2019;31.10.2019;
20191114190656.zip;b4e4c43f-ff98-11e9-8121-e567db16e2c2;14.11.2019;16.10.2019;
20191114190656.zip;2d7eb03f-ffbd-11e9-8121-e567db16e2c2;14.11.2019;10.10.2019;
20191114190656.zip;77b78d9c-ff99-11e9-8121-e567db16e2c2;14.11.2019;05.11.2019;
20191114190656.zip;90ef1e9b-ff99-11e9-8121-e567db16e2c2;14.11.2019;07.10.2019;
20191114191531.zip;baf5ce5f-ff98-11e9-8121-e567db16e2c2;14.11.2019;01.11.2019;
20191114190656.zip;14804044-ffbd-11e9-8121-e567db16e2c2;14.11.2019;07.10.2019;
20191114191531.zip;ece5ecca-ff98-11e9-8121-e567db16e2c2;14.11.2019;01.11.2019;
20191114190656.zip;2d7eb043-ffbd-11e9-8121-e567db16e2c2;14.11.2019;10.10.2019;
20191114190658.zip;5711e828-ff98-11e9-8121-e567db16e2c2;14.11.2019;09.10.2019;
20191114190656.zip;408e7301-ffbd-11e9-8121-e567db16e2c2;14.11.2019;21.10.2019;
20191114190658.zip;eaf97866-ff93-11e9-8121-e567db16e2c2;14.11.2019;21.10.2019;
20191114190658.zip;c6c6af8c-ff93-11e9-8121-e567db16e2c2;14.11.2019;07.10.2019;
20191114191531.zip;b5b59515-0052-11ea-8121-e567db16e2c2;14.11.2019;05.11.2019;
20191114191531.zip;ce80d13f-ffbc-11e9-8121-e567db16e2c2;14.11.2019;05.11.2019;
20191115164911.zip;faebfad8-0787-11ea-8345-d13460f9cc89;15.11.2019;08.11.2019;
20191115164913.zip;01731f58-0788-11ea-8345-d13460f9cc89;15.11.2019;08.11.2019;
20191115164913.zip;07b94338-0788-11ea-8345-d13460f9cc89;15.11.2019;11.11.2019;
20191115164917.zip;ee675435-0787-11ea-8345-d13460f9cc89;15.11.2019;08.11.2019;
20191115164917.zip;20c8f91b-0788-11ea-8345-d13460f9cc89;15.11.2019;08.11.2019;
20191115164911.zip;d62379db-0787-11ea-8345-d13460f9cc89;15.11.2019;28.10.2019;
20191115164911.zip;d62379ef-0787-11ea-8345-d13460f9cc89;15.11.2019;24.10.2019;
20191115164911.zip;d62379dc-0787-11ea-8345-d13460f9cc89;15.11.2019;14.10.2019;
20191115164911.zip;d62379ec-0787-11ea-8345-d13460f9cc89;15.11.2019;17.10.2019;
20191115164911.zip;d62379e3-0787-11ea-8345-d13460f9cc89;15.11.2019;01.11.2019;
20191115164911.zip;f485a4c0-0787-11ea-8345-d13460f9cc89;15.11.2019;08.11.2019;
20191115164911.zip;f485a4c1-0787-11ea-8345-d13460f9cc89;15.11.2019;08.11.2019;
20191115164911.zip;e8318405-0787-11ea-8345-d13460f9cc89;15.11.2019;11.11.2019;
20191115164911.zip;20c8f917-0788-11ea-8345-d13460f9cc89;15.11.2019;11.11.2019;
20191115164911.zip;f485a4c7-0787-11ea-8345-d13460f9cc89;15.11.2019;11.11.2019;
20191115164917.zip;d62379d3-0787-11ea-8345-d13460f9cc89;15.11.2019;11.11.2019;
20191115164913.zip;d62379d1-0787-11ea-8345-d13460f9cc89;15.11.2019;28.10.2019;
20191115164911.zip;d62379d2-0787-11ea-8345-d13460f9cc89;15.11.2019;28.10.2019;
20191115164913.zip;d62379d6-0787-11ea-8345-d13460f9cc89;15.11.2019;21.10.2019;
20191115164911.zip;d62379d9-0787-11ea-8345-d13460f9cc89;15.11.2019;28.10.2019;
20191115164913.zip;d62379da-0787-11ea-8345-d13460f9cc89;15.11.2019;09.10.2019;
20191115164911.zip;d62379dd-0787-11ea-8345-d13460f9cc89;15.11.2019;01.11.2019;
20191115164913.zip;d62379df-0787-11ea-8345-d13460f9cc89;15.11.2019;30.10.2019;
20191115164913.zip;d62379de-0787-11ea-8345-d13460f9cc89;15.11.2019;30.10.2019;
20191115164913.zip;d62379e2-0787-11ea-8345-d13460f9cc89;15.11.2019;07.11.2019;
20191115164913.zip;d62379e4-0787-11ea-8345-d13460f9cc89;15.11.2019;24.10.2019;
20191115164913.zip;d62379e5-0787-11ea-8345-d13460f9cc89;15.11.2019;01.11.2019;
20191115164913.zip;d62379e7-0787-11ea-8345-d13460f9cc89;15.11.2019;11.11.2019;
20191115164913.zip;d62379ea-0787-11ea-8345-d13460f9cc89;15.11.2019;11.11.2019;
20191115164911.zip;d62379eb-0787-11ea-8345-d13460f9cc89;15.11.2019;25.10.2019;
20191115164913.zip;d62379e1-0787-11ea-8345-d13460f9cc89;15.11.2019;30.10.2019;
20191115164913.zip;d62379ed-0787-11ea-8345-d13460f9cc89;15.11.2019;31.10.2019;
20191115164911.zip;d62379ee-0787-11ea-8345-d13460f9cc89;15.11.2019;08.11.2019;
20191115164913.zip;d62379f0-0787-11ea-8345-d13460f9cc89;15.11.2019;30.10.2019;
20191115164911.zip;d62379f1-0787-11ea-8345-d13460f9cc89;15.11.2019;05.11.2019;
20191115164913.zip;d62379f4-0787-11ea-8345-d13460f9cc89;15.11.2019;07.11.2019;
20191115164913.zip;d62379f6-0787-11ea-8345-d13460f9cc89;15.11.2019;30.10.2019;
20191115164913.zip;d62379f7-0787-11ea-8345-d13460f9cc89;15.11.2019;24.10.2019;
20191115164911.zip;d62379f8-0787-11ea-8345-d13460f9cc89;15.11.2019;30.10.2019;
20191115164913.zip;141f173b-0788-11ea-8345-d13460f9cc89;15.11.2019;11.11.2019;
20191115164913.zip;141f1731-0788-11ea-8345-d13460f9cc89;15.11.2019;11.11.2019;
20191115164913.zip;01731f59-0788-11ea-8345-d13460f9cc89;15.11.2019;11.11.2019;
20191115164913.zip;01731f55-0788-11ea-8345-d13460f9cc89;15.11.2019;11.11.2019;
20191115164917.zip;01731f57-0788-11ea-8345-d13460f9cc89;15.11.2019;07.11.2019;
20191115164917.zip;1a47c801-0788-11ea-8345-d13460f9cc89;15.11.2019;07.11.2019;
20191115164911.zip;d62379d0-0787-11ea-8345-d13460f9cc89;15.11.2019;31.10.2019;
20191115164913.zip;d62379d4-0787-11ea-8345-d13460f9cc89;15.11.2019;28.10.2019;
20191115164911.zip;d62379d8-0787-11ea-8345-d13460f9cc89;15.11.2019;07.11.2019;
20191115164913.zip;d62379e9-0787-11ea-8345-d13460f9cc89;15.11.2019;08.11.2019;
20191115164911.zip;d62379fb-0787-11ea-8345-d13460f9cc89;15.11.2019;11.11.2019;
20191115164913.zip;dc22d0b1-0787-11ea-8345-d13460f9cc89;15.11.2019;11.11.2019;
20191115164911.zip;dc22d0b2-0787-11ea-8345-d13460f9cc89;15.11.2019;11.11.2019;
20191115164911.zip;dc22d0b6-0787-11ea-8345-d13460f9cc89;15.11.2019;11.11.2019;
20191115164913.zip;dc22d0b8-0787-11ea-8345-d13460f9cc89;15.11.2019;11.11.2019;
20191115164911.zip;e230f4a0-0787-11ea-8345-d13460f9cc89;15.11.2019;11.11.2019;
20191115164911.zip;e230f4a1-0787-11ea-8345-d13460f9cc89;15.11.2019;11.11.2019;
20191115164911.zip;e230f4a4-0787-11ea-8345-d13460f9cc89;15.11.2019;11.11.2019;
20191115164911.zip;e230f4a5-0787-11ea-8345-d13460f9cc89;15.11.2019;11.11.2019;
20191115164911.zip;e230f4a6-0787-11ea-8345-d13460f9cc89;15.11.2019;11.11.2019;
20191115164911.zip;e230f4a9-0787-11ea-8345-d13460f9cc89;15.11.2019;11.11.2019;
20191115164913.zip;ee675432-0787-11ea-8345-d13460f9cc89;15.11.2019;11.11.2019;
20191115164913.zip;ee675437-0787-11ea-8345-d13460f9cc89;15.11.2019;11.11.2019;
20191115164913.zip;ee675439-0787-11ea-8345-d13460f9cc89;15.11.2019;08.11.2019;
20191115164913.zip;faebfad0-0787-11ea-8345-d13460f9cc89;15.11.2019;11.11.2019;
20191115164911.zip;faebfad4-0787-11ea-8345-d13460f9cc89;15.11.2019;08.11.2019;
20191115164913.zip;faebfad6-0787-11ea-8345-d13460f9cc89;15.11.2019;11.11.2019;
20191115164911.zip;07b94336-0788-11ea-8345-d13460f9cc89;15.11.2019;08.11.2019;
20191115164911.zip;07b9433b-0788-11ea-8345-d13460f9cc89;15.11.2019;11.11.2019;
20191115164913.zip;141f1736-0788-11ea-8345-d13460f9cc89;15.11.2019;11.11.2019;
20191115164911.zip;141f1737-0788-11ea-8345-d13460f9cc89;15.11.2019;11.11.2019;
20191115164913.zip;141f173a-0788-11ea-8345-d13460f9cc89;15.11.2019;08.11.2019;
20191115164913.zip;20c8f916-0788-11ea-8345-d13460f9cc89;15.11.2019;11.11.2019;
20191115164911.zip;27089510-0788-11ea-8345-d13460f9cc89;15.11.2019;11.11.2019;
20191115164913.zip;27089516-0788-11ea-8345-d13460f9cc89;15.11.2019;11.11.2019;
20191119225124.zip;baf5ce62-ff98-11e9-8121-e567db16e2c2;19.11.2019;23.10.2019;
20191119151556.zip;acda38f2-09fa-11ea-8345-d13460f9cc89;19.11.2019;07.11.2019;
20191119151556.zip;acda38f4-09fa-11ea-8345-d13460f9cc89;19.11.2019;30.10.2019;
20191119151556.zip;b3491a85-09fa-11ea-8345-d13460f9cc89;19.11.2019;11.11.2019;
20191119151556.zip;acda38fa-09fa-11ea-8345-d13460f9cc89;19.11.2019;28.10.2019;
20191119151556.zip;acda38f3-09fa-11ea-8345-d13460f9cc89;19.11.2019;08.11.2019;
20191119151556.zip;acda38f1-09fa-11ea-8345-d13460f9cc89;19.11.2019;05.11.2019;
20191119151600.zip;acda38f8-09fa-11ea-8345-d13460f9cc89;19.11.2019;28.10.2019;
20191119151556.zip;acda38f6-09fa-11ea-8345-d13460f9cc89;19.11.2019;05.11.2019;
20191119151556.zip;9d2e1174-ff99-11e9-8121-e567db16e2c2;19.11.2019;28.10.2019;
20191121002138.zip;57d1f698-0bcb-11ea-8345-d13460f9cc89;21.11.2019;15.11.2019;
20191121130731.zip;3261f100-0c3c-11ea-8345-d13460f9cc89;21.11.2019;31.10.2019;
20191121130733.zip;a8a185c9-ff93-11e9-8121-e567db16e2c2;21.11.2019;01.11.2019;
20191121002144.zip;643e2398-0bcb-11ea-8345-d13460f9cc89;21.11.2019;13.11.2019;
20191121002138.zip;07b94339-0788-11ea-8345-d13460f9cc89;21.11.2019;11.11.2019;
20191121130731.zip;b9610270-09fa-11ea-8345-d13460f9cc89;21.11.2019;11.11.2019;
20191121002138.zip;fe3fdf74-0061-11ea-8121-e567db16e2c2;21.11.2019;07.11.2019;
20191121002147.zip;20d23e20-ffbd-11e9-8121-e567db16e2c2;21.11.2019;01.11.2019;
20191121130730.zip;592687eb-ffbd-11e9-8121-e567db16e2c2;21.11.2019;05.11.2019;
20191121130730.zip;fe3fdf75-0061-11ea-8121-e567db16e2c2;21.11.2019;07.11.2019;
20191121002147.zip;e8318402-0787-11ea-8345-d13460f9cc89;21.11.2019;13.11.2019;
20191121002147.zip;0e1cef9e-ffbd-11e9-8121-e567db16e2c2;21.11.2019;05.11.2019;
20191121002147.zip;cec9717a-0052-11ea-8121-e567db16e2c2;21.11.2019;05.11.2019;
20191121002144.zip;57d1f695-0bcb-11ea-8345-d13460f9cc89;21.11.2019;13.11.2019;
20191121130730.zip;a2c5a30f-ff98-11e9-8121-e567db16e2c2;21.11.2019;25.10.2019;
20191121002147.zip;51710750-0bcb-11ea-8345-d13460f9cc89;21.11.2019;05.11.2019;
20191121002147.zip;643e2392-0bcb-11ea-8345-d13460f9cc89;21.11.2019;13.11.2019;
20191121130731.zip;dede3a2e-ff93-11e9-8121-e567db16e2c2;21.11.2019;07.10.2019;
20191121002144.zip;b3491a81-09fa-11ea-8345-d13460f9cc89;21.11.2019;15.11.2019;
20191121002147.zip;711ef3f7-0bcb-11ea-8345-d13460f9cc89;21.11.2019;14.11.2019;
20191121002147.zip;643e2394-0bcb-11ea-8345-d13460f9cc89;21.11.2019;15.11.2019;
20191121002138.zip;51710757-0bcb-11ea-8345-d13460f9cc89;21.11.2019;05.11.2019;
20191121002147.zip;8a64cd35-0bcb-11ea-8345-d13460f9cc89;21.11.2019;08.11.2019;
20191121002147.zip;711ef3f4-0bcb-11ea-8345-d13460f9cc89;21.11.2019;13.11.2019;
20191121002138.zip;f302e591-ff98-11e9-8121-e567db16e2c2;21.11.2019;05.11.2019;
20191121002144.zip;845a7a30-ff99-11e9-8121-e567db16e2c2;21.11.2019;07.10.2019;
20191121002138.zip;e17664e6-ffbc-11e9-8121-e567db16e2c2;21.11.2019;05.11.2019;
20191121002144.zip;e8318401-0787-11ea-8345-d13460f9cc89;21.11.2019;15.11.2019;
20191121002144.zip;fe3fdf71-0061-11ea-8121-e567db16e2c2;21.11.2019;07.11.2019;
20191121002144.zip;1a47c802-0788-11ea-8345-d13460f9cc89;21.11.2019;15.11.2019;
20191121002144.zip;acda38fb-09fa-11ea-8345-d13460f9cc89;21.11.2019;11.11.2019;
20191121002144.zip;8a64cd37-0bcb-11ea-8345-d13460f9cc89;21.11.2019;15.11.2019;
20191121002144.zip;faebfad5-0787-11ea-8345-d13460f9cc89;21.11.2019;08.11.2019;
20191121002138.zip;8a64cd36-0bcb-11ea-8345-d13460f9cc89;21.11.2019;13.11.2019;
20191121002138.zip;8408a0b7-0bcb-11ea-8345-d13460f9cc89;21.11.2019;11.11.2019;
20191121002138.zip;8408a0b5-0bcb-11ea-8345-d13460f9cc89;21.11.2019;11.11.2019;
20191121002144.zip;7de333d4-0bcb-11ea-8345-d13460f9cc89;21.11.2019;15.11.2019;
20191121002138.zip;ee2ebde6-ffbc-11e9-8121-e567db16e2c2;21.11.2019;28.10.2019;
20191121002144.zip;7de333d2-0bcb-11ea-8345-d13460f9cc89;21.11.2019;14.11.2019;
20191121002138.zip;7de333d6-0bcb-11ea-8345-d13460f9cc89;21.11.2019;13.11.2019;
20191121002138.zip;57d1f696-0bcb-11ea-8345-d13460f9cc89;21.11.2019;15.11.2019;
20191121002144.zip;643e2393-0bcb-11ea-8345-d13460f9cc89;21.11.2019;15.11.2019;
20191121002144.zip;b3491a82-09fa-11ea-8345-d13460f9cc89;21.11.2019;11.11.2019;
20191121002138.zip;5e0f3134-0bcb-11ea-8345-d13460f9cc89;21.11.2019;15.11.2019;
20191121002138.zip;8a64cd33-0bcb-11ea-8345-d13460f9cc89;21.11.2019;15.11.2019;
20191121002138.zip;8a64cd32-0bcb-11ea-8345-d13460f9cc89;21.11.2019;15.11.2019;
20191121002144.zip;51710755-0bcb-11ea-8345-d13460f9cc89;21.11.2019;04.10.2019;
20191121002147.zip;778e2b79-0bcb-11ea-8345-d13460f9cc89;21.11.2019;11.11.2019;
20191121002138.zip;778e2b76-0bcb-11ea-8345-d13460f9cc89;21.11.2019;11.11.2019;
20191121002138.zip;711ef3f2-0bcb-11ea-8345-d13460f9cc89;21.11.2019;15.11.2019;
20191121130730.zip;3d668e8a-ff98-11e9-8121-e567db16e2c2;21.11.2019;04.10.2019;
20191121002138.zip;6a89a67a-0bcb-11ea-8345-d13460f9cc89;21.11.2019;13.11.2019;
20191121002138.zip;6a89a679-0bcb-11ea-8345-d13460f9cc89;21.11.2019;15.11.2019;
20191121130731.zip;4aa13eb8-ff98-11e9-8121-e567db16e2c2;21.11.2019;05.11.2019;
20191121002138.zip;6a89a675-0bcb-11ea-8345-d13460f9cc89;21.11.2019;11.11.2019;
20191121002138.zip;6a89a674-0bcb-11ea-8345-d13460f9cc89;21.11.2019;15.11.2019;
20191121002147.zip;6a89a671-0bcb-11ea-8345-d13460f9cc89;21.11.2019;11.11.2019;
20191121002138.zip;b3491a89-09fa-11ea-8345-d13460f9cc89;21.11.2019;15.11.2019;
20191121002147.zip;643e239a-0bcb-11ea-8345-d13460f9cc89;21.11.2019;14.11.2019;
20191121002144.zip;643e2391-0bcb-11ea-8345-d13460f9cc89;21.11.2019;13.11.2019;
20191121002138.zip;5e0f3137-0bcb-11ea-8345-d13460f9cc89;21.11.2019;13.11.2019;
20191121002138.zip;5e0f3133-0bcb-11ea-8345-d13460f9cc89;21.11.2019;15.11.2019;
20191121002144.zip;5e0f3131-0bcb-11ea-8345-d13460f9cc89;21.11.2019;11.11.2019;
20191121002138.zip;57d1f699-0bcb-11ea-8345-d13460f9cc89;21.11.2019;11.11.2019;
20191121002138.zip;57d1f694-0bcb-11ea-8345-d13460f9cc89;21.11.2019;14.11.2019;
20191121002138.zip;57d1f693-0bcb-11ea-8345-d13460f9cc89;21.11.2019;11.11.2019;
20191121002147.zip;51710759-0bcb-11ea-8345-d13460f9cc89;21.11.2019;05.11.2019;
20191121002144.zip;5171075f-0bcb-11ea-8345-d13460f9cc89;21.11.2019;15.11.2019;
20191121002138.zip;5171075e-0bcb-11ea-8345-d13460f9cc89;21.11.2019;13.11.2019;
20191121002144.zip;51710758-0bcb-11ea-8345-d13460f9cc89;21.11.2019;28.10.2019;
20191121002144.zip;51710754-0bcb-11ea-8345-d13460f9cc89;21.11.2019;05.11.2019;
20191121002138.zip;51710752-0bcb-11ea-8345-d13460f9cc89;21.11.2019;08.11.2019;
20191121002144.zip;b3491a86-09fa-11ea-8345-d13460f9cc89;21.11.2019;13.11.2019;
20191121130731.zip;274899cc-ffbd-11e9-8121-e567db16e2c2;21.11.2019;05.11.2019;
20191121130730.zip;52f79589-ffbd-11e9-8121-e567db16e2c2;21.11.2019;05.11.2019;
20191121130730.zip;a8a185e1-ff93-11e9-8121-e567db16e2c2;21.11.2019;28.10.2019;
20191125104050.zip;b548c374-0f4b-11ea-a77d-d0eb04f407f1;25.11.2019;11.11.2019;
20191125104050.zip;bc809a51-0f4b-11ea-a77d-d0eb04f407f1;25.11.2019;11.11.2019;
20191125104050.zip;b548c370-0f4b-11ea-a77d-d0eb04f407f1;25.11.2019;23.10.2019;
20191125104050.zip;b548c372-0f4b-11ea-a77d-d0eb04f407f1;25.11.2019;07.11.2019;
20191125104050.zip;3261f101-0c3c-11ea-8345-d13460f9cc89;25.11.2019;11.11.2019;
20191125104050.zip;bc809a50-0f4b-11ea-a77d-d0eb04f407f1;25.11.2019;15.11.2019;
20191125104058.zip;bc809a55-0f4b-11ea-a77d-d0eb04f407f1;25.11.2019;11.11.2019;
20191125104050.zip;bc809a52-0f4b-11ea-a77d-d0eb04f407f1;25.11.2019;15.11.2019;
20191125104050.zip;b548c371-0f4b-11ea-a77d-d0eb04f407f1;25.11.2019;18.11.2019;
191127202422-.zip;148050a7-1132-11ea-b9c8-da78f29e38cc;27.11.2019;31.10.2019;
191127202422-.zip;1ace34e6-1132-11ea-b9c8-da78f29e38cc;27.11.2019;01.11.2019;
191127202422-.zip;148050ab-1132-11ea-b9c8-da78f29e38cc;27.11.2019;20.11.2019;
191127202422-.zip;1ace34ee-1132-11ea-b9c8-da78f29e38cc;27.11.2019;05.11.2019;
191127202422-.zip;20c8c902-1132-11ea-b9c8-da78f29e38cc;27.11.2019;21.11.2019;
191127202422-.zip;0e1a9eb0-1132-11ea-b9c8-da78f29e38cc;27.11.2019;20.11.2019;
191127202422-.zip;20c8c908-1132-11ea-b9c8-da78f29e38cc;27.11.2019;25.10.2019;
191127202422-.zip;20c8c90a-1132-11ea-b9c8-da78f29e38cc;27.11.2019;31.10.2019;
191127202422-.zip;0e1a9eaf-1132-11ea-b9c8-da78f29e38cc;27.11.2019;30.10.2019;
191127202422-.zip;0e1a9eab-1132-11ea-b9c8-da78f29e38cc;27.11.2019;01.11.2019;
191127202422-.zip;1ace34ec-1132-11ea-b9c8-da78f29e38cc;27.11.2019;11.11.2019;
191127202422-.zip;0e1a9ea3-1132-11ea-b9c8-da78f29e38cc;27.11.2019;13.11.2019;
191127202422-.zip;1ace34eb-1132-11ea-b9c8-da78f29e38cc;27.11.2019;08.11.2019;
191127202422-.zip;0e1a9ea0-1132-11ea-b9c8-da78f29e38cc;27.11.2019;16.10.2019;
191127202422-.zip;20c8c900-1132-11ea-b9c8-da78f29e38cc;27.11.2019;20.11.2019;
191127202421-.zip;bc809a54-0f4b-11ea-a77d-d0eb04f407f1;27.11.2019;28.10.2019;
191127202422-.zip;bc809a53-0f4b-11ea-a77d-d0eb04f407f1;27.11.2019;15.11.2019;
191127202422-.zip;0e1a9ea4-1132-11ea-b9c8-da78f29e38cc;27.11.2019;15.11.2019;
191127202422-.zip;0e1a9ea5-1132-11ea-b9c8-da78f29e38cc;27.11.2019;20.11.2019;
191127202422-.zip;0e1a9ea6-1132-11ea-b9c8-da78f29e38cc;27.11.2019;21.11.2019;
191127202421-.zip;0e1a9ea8-1132-11ea-b9c8-da78f29e38cc;27.11.2019;18.11.2019;
191203034434-.zip;ebe4eab3-155c-11ea-8b87-c26b377ddcdc;03.12.2019;11.11.2019;
191203034434-.zip;ebe4eaaf-155c-11ea-8b87-c26b377ddcdc;03.12.2019;22.11.2019;
191203034437-.zip;ebe4eaad-155c-11ea-8b87-c26b377ddcdc;03.12.2019;25.11.2019;
191203034437-.zip;ebe4eaa9-155c-11ea-8b87-c26b377ddcdc;03.12.2019;20.11.2019;
191203034438-.zip;ebe4eaa2-155c-11ea-8b87-c26b377ddcdc;03.12.2019;21.11.2019;
191203034437-.zip;ebe4eaa8-155c-11ea-8b87-c26b377ddcdc;03.12.2019;18.11.2019;
191203034437-.zip;ebe4eaa1-155c-11ea-8b87-c26b377ddcdc;03.12.2019;20.11.2019;
191203034437-.zip;ebe4eaac-155c-11ea-8b87-c26b377ddcdc;03.12.2019;14.11.2019;
191203034434-.zip;ebe4eaab-155c-11ea-8b87-c26b377ddcdc;03.12.2019;18.11.2019;
191203034434-.zip;1efd0e40-155d-11ea-8b87-c26b377ddcdc;03.12.2019;21.11.2019;
191203034434-.zip;ebe4eaa6-155c-11ea-8b87-c26b377ddcdc;03.12.2019;01.11.2019;
191203034434-.zip;fe71c1c4-155c-11ea-8b87-c26b377ddcdc;03.12.2019;21.11.2019;
191203034437-.zip;ebe4eaa5-155c-11ea-8b87-c26b377ddcdc;03.12.2019;25.11.2019;
191203034438-.zip;ebe4eab0-155c-11ea-8b87-c26b377ddcdc;03.12.2019;14.11.2019;
191203034434-.zip;ebe4eaa4-155c-11ea-8b87-c26b377ddcdc;03.12.2019;18.11.2019;
191203034434-.zip;05070f43-155d-11ea-8b87-c26b377ddcdc;03.12.2019;22.11.2019;
191203034434-.zip;f2568386-155c-11ea-8b87-c26b377ddcdc;03.12.2019;22.11.2019;
191203034434-.zip;ebe4eaae-155c-11ea-8b87-c26b377ddcdc;03.12.2019;15.11.2019;
191203034438-.zip;ebe4eaaa-155c-11ea-8b87-c26b377ddcdc;03.12.2019;15.11.2019;
191203034434-.zip;ebe4eab1-155c-11ea-8b87-c26b377ddcdc;03.12.2019;22.11.2019;
191205111337-.zip;9062b58f-172e-11ea-8b87-c26b377ddcdc;05.12.2019;22.11.2019;
191205111337-.zip;9062b58a-172e-11ea-8b87-c26b377ddcdc;05.12.2019;27.11.2019;
191205111336-.zip;9062b587-172e-11ea-8b87-c26b377ddcdc;05.12.2019;28.10.2019;
191205111338-.zip;9062b58b-172e-11ea-8b87-c26b377ddcdc;05.12.2019;21.11.2019;
191205111338-.zip;9062b58d-172e-11ea-8b87-c26b377ddcdc;05.12.2019;13.11.2019;
191205111338-.zip;9062b58e-172e-11ea-8b87-c26b377ddcdc;05.12.2019;13.11.2019;
191205111337-.zip;9062b586-172e-11ea-8b87-c26b377ddcdc;05.12.2019;28.11.2019;
191209140945-.zip;efa738f4-1a6b-11ea-8b87-c26b377ddcdc;09.12.2019;14.11.2019;
191209140945-.zip;efa738fa-1a6b-11ea-8b87-c26b377ddcdc;09.12.2019;21.11.2019;
191209140947-.zip;efa738fc-1a6b-11ea-8b87-c26b377ddcdc;09.12.2019;29.11.2019;
191209140946-.zip;f86b46c8-155c-11ea-8b87-c26b377ddcdc;09.12.2019;02.12.2019;
191209140945-.zip;efa738f2-1a6b-11ea-8b87-c26b377ddcdc;09.12.2019;02.12.2019;
191209140946-.zip;ebe4eab2-155c-11ea-8b87-c26b377ddcdc;09.12.2019;20.11.2019;
191209140946-.zip;f86b46ca-155c-11ea-8b87-c26b377ddcdc;09.12.2019;02.12.2019;
191209140947-.zip;efa738fb-1a6b-11ea-8b87-c26b377ddcdc;09.12.2019;29.11.2019;
191209140945-.zip;efa738f5-1a6b-11ea-8b87-c26b377ddcdc;09.12.2019;02.12.2019;
191209140946-.zip;efa738f1-1a6b-11ea-8b87-c26b377ddcdc;09.12.2019;09.10.2019;
191209140946-.zip;efa738f7-1a6b-11ea-8b87-c26b377ddcdc;09.12.2019;02.12.2019;
191209140945-.zip;efa738f6-1a6b-11ea-8b87-c26b377ddcdc;09.12.2019;22.11.2019;
191209140945-.zip;efa738f9-1a6b-11ea-8b87-c26b377ddcdc;09.12.2019;05.11.2019;
191212090732-.zip;f86b46c7-155c-11ea-8b87-c26b377ddcdc;12.12.2019;04.12.2019;
191212090730-.zip;fdf3c267-1c9c-11ea-bf58-ef367fe2c54b;12.12.2019;14.10.2019;
191212090732-.zip;ebe4eaa3-155c-11ea-8b87-c26b377ddcdc;12.12.2019;02.12.2019;
191212090730-.zip;efa738f8-1a6b-11ea-8b87-c26b377ddcdc;12.12.2019;28.11.2019;
191212090730-.zip;efa738fd-1a6b-11ea-8b87-c26b377ddcdc;12.12.2019;18.11.2019;
191212090730-.zip;fdf3c260-1c9c-11ea-bf58-ef367fe2c54b;12.12.2019;08.11.2019;
191212090733-.zip;fdf3c261-1c9c-11ea-bf58-ef367fe2c54b;12.12.2019;22.11.2019;
191212090732-.zip;fdf3c262-1c9c-11ea-bf58-ef367fe2c54b;12.12.2019;02.12.2019;
191212090732-.zip;fdf3c263-1c9c-11ea-bf58-ef367fe2c54b;12.12.2019;28.11.2019;
191212090732-.zip;fdf3c265-1c9c-11ea-bf58-ef367fe2c54b;12.12.2019;06.12.2019;
191212090733-.zip;fdf3c266-1c9c-11ea-bf58-ef367fe2c54b;12.12.2019;22.11.2019;
191212090730-.zip;fdf3c268-1c9c-11ea-bf58-ef367fe2c54b;12.12.2019;05.12.2019;
191212090730-.zip;fdf3c26a-1c9c-11ea-bf58-ef367fe2c54b;12.12.2019;25.11.2019;
191212090730-.zip;fdf3c26c-1c9c-11ea-bf58-ef367fe2c54b;12.12.2019;27.11.2019;
191216104313-.zip;18005df7-1fcf-11ea-bf58-ef367fe2c54b;16.12.2019;15.11.2019;
191216104313-.zip;18005df2-1fcf-11ea-bf58-ef367fe2c54b;16.12.2019;22.11.2019;
191216104315-.zip;18005dfc-1fcf-11ea-bf58-ef367fe2c54b;16.12.2019;06.12.2019;
191216104313-.zip;18005dff-1fcf-11ea-bf58-ef367fe2c54b;16.12.2019;18.11.2019;
191216104315-.zip;18005e02-1fcf-11ea-bf58-ef367fe2c54b;16.12.2019;06.12.2019;
191216104313-.zip;18005e06-1fcf-11ea-bf58-ef367fe2c54b;16.12.2019;14.11.2019;
191216104316-.zip;18005df3-1fcf-11ea-bf58-ef367fe2c54b;16.12.2019;05.12.2019;
191216104316-.zip;18005e05-1fcf-11ea-bf58-ef367fe2c54b;16.12.2019;20.11.2019;
191216104313-.zip;18005df9-1fcf-11ea-bf58-ef367fe2c54b;16.12.2019;02.12.2019;
191216104316-.zip;18005df4-1fcf-11ea-bf58-ef367fe2c54b;16.12.2019;28.11.2019;
191216104313-.zip;18005df6-1fcf-11ea-bf58-ef367fe2c54b;16.12.2019;27.11.2019;
191216104316-.zip;18005df0-1fcf-11ea-bf58-ef367fe2c54b;16.12.2019;07.11.2019;
191216104316-.zip;18005e03-1fcf-11ea-bf58-ef367fe2c54b;16.12.2019;02.12.2019;
191216104316-.zip;18005dfb-1fcf-11ea-bf58-ef367fe2c54b;16.12.2019;02.12.2019;
191219155245-.zip;7aa994c9-2255-11ea-ab73-8756f75fdd58;19.12.2019;06.12.2019;
191219155246-.zip;7aa994cb-2255-11ea-ab73-8756f75fdd58;19.12.2019;09.12.2019;
191219155246-.zip;7aa994c7-2255-11ea-ab73-8756f75fdd58;19.12.2019;12.12.2019;
191219155246-.zip;7aa994cf-2255-11ea-ab73-8756f75fdd58;19.12.2019;21.11.2019;
191219155245-.zip;7aa994d2-2255-11ea-ab73-8756f75fdd58;19.12.2019;09.12.2019;
191219155246-.zip;7aa994c1-2255-11ea-ab73-8756f75fdd58;19.12.2019;09.12.2019;
191219155247-.zip;7aa994c6-2255-11ea-ab73-8756f75fdd58;19.12.2019;06.12.2019;
191219155245-.zip;7aa994c5-2255-11ea-ab73-8756f75fdd58;19.12.2019;12.12.2019;
191219155246-.zip;7aa994c2-2255-11ea-ab73-8756f75fdd58;19.12.2019;11.12.2019;
191219155246-.zip;86d31b4c-2255-11ea-ab73-8756f75fdd58;19.12.2019;27.11.2019;
191219155245-.zip;7aa994d3-2255-11ea-ab73-8756f75fdd58;19.12.2019;06.12.2019;
191219155245-.zip;7aa994c4-2255-11ea-ab73-8756f75fdd58;19.12.2019;25.11.2019;
191219155247-.zip;7aa994c0-2255-11ea-ab73-8756f75fdd58;19.12.2019;06.12.2019;
191223164749-.zip;7aa994c3-2255-11ea-ab73-8756f75fdd58;23.12.2019;06.12.2019;
191223164745-.zip;7aa994d0-2255-11ea-ab73-8756f75fdd58;23.12.2019;09.12.2019;
191223164749-.zip;1f677ed5-2582-11ea-846c-f8f3813dc3d5;23.12.2019;09.12.2019;
191223164747-.zip;1f677ed8-2582-11ea-846c-f8f3813dc3d5;23.12.2019;16.12.2019;
191224134207-.zip;96cac8ed-172e-11ea-8b87-c26b377ddcdc;24.12.2019;02.12.2019;
191224134209-.zip;1f47c530-1fcf-11ea-bf58-ef367fe2c54b;24.12.2019;13.12.2019;
191224134207-.zip;9062b59a-172e-11ea-8b87-c26b377ddcdc;24.12.2019;02.12.2019;
191224134207-.zip;08ab7c00-0f4d-11ea-a77d-d0eb04f407f1;24.12.2019;22.11.2019;
191224134207-.zip;1f47c535-1fcf-11ea-bf58-ef367fe2c54b;24.12.2019;09.12.2019;
191224134207-.zip;25cee9b3-1fcf-11ea-bf58-ef367fe2c54b;24.12.2019;12.12.2019;
191224134207-.zip;f86b46c3-155c-11ea-8b87-c26b377ddcdc;24.12.2019;29.11.2019;
191224134207-.zip;2bfeed81-1fcf-11ea-bf58-ef367fe2c54b;24.12.2019;12.12.2019;
191224134209-.zip;25cee9b0-1fcf-11ea-bf58-ef367fe2c54b;24.12.2019;09.12.2019;
191224134209-.zip;1ace34e8-1132-11ea-b9c8-da78f29e38cc;24.12.2019;07.11.2019;
191224134207-.zip;25cee9b4-1fcf-11ea-bf58-ef367fe2c54b;24.12.2019;13.12.2019;
191224134207-.zip;efa73901-1a6b-11ea-8b87-c26b377ddcdc;24.12.2019;05.12.2019;
191224134209-.zip;efa73902-1a6b-11ea-8b87-c26b377ddcdc;24.12.2019;06.12.2019;
191224134207-.zip;80d3c466-2255-11ea-ab73-8756f75fdd58;24.12.2019;18.12.2019;
191224134209-.zip;86d31b4a-2255-11ea-ab73-8756f75fdd58;24.12.2019;18.12.2019;
191224134207-.zip;20c8c90e-1132-11ea-b9c8-da78f29e38cc;24.12.2019;25.11.2019;
191224134207-.zip;9d249409-172e-11ea-8b87-c26b377ddcdc;24.12.2019;02.12.2019;
191224134207-.zip;56db6bb0-2627-11ea-b77d-a850579856a8;24.12.2019;05.12.2019;
191224134207-.zip;2bfeed84-1fcf-11ea-bf58-ef367fe2c54b;24.12.2019;09.12.2019;
191224134207-.zip;25cee9b9-1fcf-11ea-bf58-ef367fe2c54b;24.12.2019;09.12.2019;
191224134207-.zip;31f71871-1fcf-11ea-bf58-ef367fe2c54b;24.12.2019;11.12.2019;
191224134207-.zip;389f0b66-1fcf-11ea-bf58-ef367fe2c54b;24.12.2019;12.12.2019;
191225092638-.zip;486ba5b4-26d4-11ea-b77d-a850579856a8;25.12.2019;11.12.2019;
191225092641-.zip;486ba5b1-26d4-11ea-b77d-a850579856a8;25.12.2019;18.12.2019;
191225092641-.zip;486ba5b6-26d4-11ea-b77d-a850579856a8;25.12.2019;13.12.2019;
191225092641-.zip;486ba5b3-26d4-11ea-b77d-a850579856a8;25.12.2019;18.12.2019;
191225092644-.zip;486ba5b7-26d4-11ea-b77d-a850579856a8;25.12.2019;18.12.2019;
191225092644-.zip;486ba5b2-26d4-11ea-b77d-a850579856a8;25.12.2019;28.11.2019;
191231040245-.zip;5ccd88de-2b60-11ea-9ab7-e28dafd243c5;31.12.2019;13.12.2019;
191231040244-.zip;5ccd88d9-2b60-11ea-9ab7-e28dafd243c5;31.12.2019;20.12.2019;
191231040242-.zip;5ccd88d7-2b60-11ea-9ab7-e28dafd243c5;31.12.2019;20.12.2019;
191231040244-.zip;5ccd88e6-2b60-11ea-9ab7-e28dafd243c5;31.12.2019;19.12.2019;
191231040244-.zip;5ccd88dc-2b60-11ea-9ab7-e28dafd243c5;31.12.2019;16.12.2019;
191231040244-.zip;5ccd88d0-2b60-11ea-9ab7-e28dafd243c5;31.12.2019;23.12.2019;
191231040242-.zip;7c10579c-2b60-11ea-9ab7-e28dafd243c5;31.12.2019;03.10.2019;
191231040245-.zip;5ccd88d1-2b60-11ea-9ab7-e28dafd243c5;31.12.2019;28.11.2019;
191231040245-.zip;5ccd88db-2b60-11ea-9ab7-e28dafd243c5;31.12.2019;23.12.2019;
191231040244-.zip;5ccd88e4-2b60-11ea-9ab7-e28dafd243c5;31.12.2019;23.12.2019;
191231040245-.zip;5ccd88d6-2b60-11ea-9ab7-e28dafd243c5;31.12.2019;20.12.2019;
191231040245-.zip;5ccd88e1-2b60-11ea-9ab7-e28dafd243c5;31.12.2019;11.12.2019;
191231040244-.zip;5ccd88d3-2b60-11ea-9ab7-e28dafd243c5;31.12.2019;23.12.2019;
191231040242-.zip;5ccd88d2-2b60-11ea-9ab7-e28dafd243c5;31.12.2019;16.12.2019;
200113104633-.zip;7b08eb9f-35cf-11ea-a23c-aac7163574d8;13.01.2020;25.12.2019;
200113104636-.zip;7b08eb9a-35cf-11ea-a23c-aac7163574d8;13.01.2020;13.12.2019;
200113104633-.zip;7b08eb94-35cf-11ea-a23c-aac7163574d8;13.01.2020;19.12.2019;
200113104636-.zip;75f47036-2b60-11ea-9ab7-e28dafd243c5;13.01.2020;26.12.2019;
200113104636-.zip;7b08eb93-35cf-11ea-a23c-aac7163574d8;13.01.2020;16.12.2019;
200113104636-.zip;486ba5c2-26d4-11ea-b77d-a850579856a8;13.01.2020;26.12.2019;
200113104636-.zip;486ba5b5-26d4-11ea-b77d-a850579856a8;13.01.2020;13.12.2019;
200113104633-.zip;7b08eba4-35cf-11ea-a23c-aac7163574d8;13.01.2020;23.12.2019;
200113104633-.zip;7b08eb9b-35cf-11ea-a23c-aac7163574d8;13.01.2020;26.12.2019;
200113104633-.zip;7b08eb9c-35cf-11ea-a23c-aac7163574d8;13.01.2020;27.12.2019;
200113104634-.zip;7b08eb9e-35cf-11ea-a23c-aac7163574d8;13.01.2020;23.12.2019;
200113104634-.zip;7b08eba2-35cf-11ea-a23c-aac7163574d8;13.01.2020;26.12.2019;
200113104634-.zip;7b08eba5-35cf-11ea-a23c-aac7163574d8;13.01.2020;23.12.2019;
200113104634-.zip;875fe2e9-35cf-11ea-a23c-aac7163574d8;13.01.2020;06.12.2019;
200113104634-.zip;7b08eb9d-35cf-11ea-a23c-aac7163574d8;13.01.2020;27.12.2019;
200113104634-.zip;7b08eba1-35cf-11ea-a23c-aac7163574d8;13.01.2020;27.12.2019;
200113104636-.zip;7b08eba3-35cf-11ea-a23c-aac7163574d8;13.01.2020;25.12.2019;
200113104636-.zip;7b08eb98-35cf-11ea-a23c-aac7163574d8;13.01.2020;20.12.2019;
200117135229-.zip;d93ecb80-390e-11ea-95bb-e35958286251;17.01.2020;09.01.2020;
200117135229-.zip;a651bb12-35cf-11ea-a23c-aac7163574d8;17.01.2020;09.01.2020;
200117135232-.zip;d93ecb7a-390e-11ea-95bb-e35958286251;17.01.2020;23.12.2019;
200117135229-.zip;d93ecb72-390e-11ea-95bb-e35958286251;17.01.2020;27.12.2019;
200117135229-.zip;d93ecb71-390e-11ea-95bb-e35958286251;17.01.2020;25.12.2019;
200117135230-.zip;d93ecb70-390e-11ea-95bb-e35958286251;17.01.2020;26.12.2019;
200117135230-.zip;7b08eba0-35cf-11ea-a23c-aac7163574d8;17.01.2020;23.12.2019;
200117135229-.zip;7b08eb95-35cf-11ea-a23c-aac7163574d8;17.01.2020;12.12.2019;
200117135229-.zip;a651bb1c-35cf-11ea-a23c-aac7163574d8;17.01.2020;09.01.2020;
200117135232-.zip;d93ecb74-390e-11ea-95bb-e35958286251;17.01.2020;30.12.2019;
200117135229-.zip;d93ecb7c-390e-11ea-95bb-e35958286251;17.01.2020;27.12.2019;
200117135230-.zip;7b08eb91-35cf-11ea-a23c-aac7163574d8;17.01.2020;30.12.2019;
200117135230-.zip;875fe2e5-35cf-11ea-a23c-aac7163574d8;17.01.2020;13.01.2020;
200117135230-.zip;d93ecb7e-390e-11ea-95bb-e35958286251;17.01.2020;30.12.2019;
200117135230-.zip;d93ecb79-390e-11ea-95bb-e35958286251;17.01.2020;09.12.2019;
200122092600-.zip;38cc8992-3cd6-11ea-9516-deae70ef8ed5;22.01.2020;30.12.2019;
200122092600-.zip;3ed565f0-3cd6-11ea-9516-deae70ef8ed5;22.01.2020;09.01.2020;
200122092600-.zip;3ed565f4-3cd6-11ea-9516-deae70ef8ed5;22.01.2020;30.12.2019;
200122092559-.zip;3ed565f6-3cd6-11ea-9516-deae70ef8ed5;22.01.2020;27.12.2019;
200122092558-.zip;38cc8991-3cd6-11ea-9516-deae70ef8ed5;22.01.2020;09.01.2020;
200122092558-.zip;518ab47d-3cd6-11ea-9516-deae70ef8ed5;22.01.2020;18.12.2019;
200122092559-.zip;3ed565f2-3cd6-11ea-9516-deae70ef8ed5;22.01.2020;16.01.2020;